-- Populate the database with realistic test data
-- Data for department, courses and course_prereqs are manually inserted
-- Data for student, faculty and course_participant are generated by Java program(enclosed in zip file)

/* Populate department table */
INSERT INTO department VALUES('COMS', 'Computer Science'), ('ELEN', 'Electric Engineering'), ('CENG', 'Computer Engineering');

/* Populate course table */
INSERT INTO courses(Department_id, Level, Number, Title, Description)
	VALUES('COMS', '4', '111', 'Introduction to Databases', 'The fundamentals of database design and application development'),
    ('COMS', '0', '101', 'Research in Computer Science', 'This course is only for Eng.Sc.D. candidates.'),
    ('ELEN', '9', '110', 'User Interface Design' , 'Introduction to the theory and practice of computer user interface design'),
    ('ELEN', '4', '145', 'Undergraduate Thesis', 'A formal written report is mandatory and an oral presentation may also be required'),
    ('CENG', '8', '675', 'Tutorial In Computer Science', 'A reading course in an advanced topic for a small number of students, under faculty supervision.'),
    ('COMS', '4', '956', 'Projects In Computer Science', 'A second-level independent project involving laboratory work.'),
    ('CENG', '5', '357', 'Networking Laboratory', 'In this course, students will learn how to put "principles into practice," in a hands-on-networking lab course. '),
    ('COMS', '3', '866', 'Operating Systems, I ', 'Design and implementation of operating systems. '),
    ('ELEN', '2', '745', 'Probabilistic Programming', 'Selected topics in computer science. Content varies from year to year. May be repeated for credit.'),
    ('COMS', '6', '465', 'MICROSERVICE/CLOUD APPS', 'Content varies from year to year. May be repeated for credit.'),
    ('CENG', '4', '998', 'Natural Language Processing', 'Computational approaches to natural language generation and understanding.'),
    ('COMS', '9', '664', 'Malware Analysis Rev Eng', 'Selected topics in computer science. Content varies from year to year. May be repeated for credit.');

/* Populate prerequisite table */
INSERT INTO course_prereqs(course_id, prereq_id) VALUES
	('COMS4111', 'COMS0101'), ('ELEN9110', 'ELEN2745'), ('ELEN4145', 'CENG8675'), ('COMS4956', 'CENG5357'), ('COMS3866', 'ELEN2745'), ('COMS6465', 'ELEN9664');
    
/* Populate section table */
INSERT INTO sections(Course_id, Section_no, Year, Semester, LimitNum) VALUES 
	('COMS4111', '3', 2017, 1, 150), ('COMS4111', '1', 2017, 2, 100), ('COMS4111', '2', 2014, 3, 50),
    ('COMS0101', '3', 2015, 2, 100), ('COMS0101', '2', 2015, 2, 100), ('COMS0101', '1', 2015, 2, 100),
    ('ELEN9110', '3', 2016, 3, 150), ('ELEN9110', '2', 2016, 3, 150), ('ELEN9110', '1', 2016, 3, 150),
    ('ELEN4145', '2', 2017, 1, 50), ('CENG8675', '1', 2017, 2, 150),
    ('COMS4956', '3', 2014, 3, 50), ('COMS4956', '2', 2014, 3, 50), ('COMS4956', '1', 2014, 3, 50),
    ('CENG5357', '3', 2015, 2, 100), ('CENG5357', '2', 2015, 2, 100), ('CENG5357', '1', 2015, 2, 100),
    ('COMS3866',  '2', 2017, 2, 100), ('ELEN2745', '2', 2015, 3, 100),
    ('COMS6465', '1', 2016, 1, 150), ('CENG4998', '2', 2017, 2, 100),
    ('COMS9664', '3', 2017, 2, 150), ('COMS9664', '2', 2017, 2, 150), ('COMS9664', '1', 2017, 2, 150);

/* Populate student table (Created by TestdataGenerator)*/
INSERT INTO Student (Last_Name, First_Name,Year, GPA) VALUES('Jane', 'James', 2017,3.04);

INSERT INTO Student (Last_Name, First_Name,Year, GPA) VALUES('Fiona', 'Debbie', 2016,3.97);

INSERT INTO Student (Last_Name, First_Name,Year, GPA) VALUES('Barbara', 'John', 2016,3.66);

INSERT INTO Student (Last_Name, First_Name,Year, GPA) VALUES('Johnson', 'Ava', 2015,3.19);

INSERT INTO Student (Last_Name, First_Name,Year, GPA) VALUES('Grace', 'Albert', 2014,3.58);

INSERT INTO Student (Last_Name, First_Name,Year, GPA) VALUES('James', 'Albert', 2014,3.20);

INSERT INTO Student (Last_Name, First_Name,Year, GPA) VALUES('Henry', 'Paul', 2014,3.30);

INSERT INTO Student (Last_Name, First_Name,Year, GPA) VALUES('Tracy', 'David', 2017,3.56);

INSERT INTO Student (Last_Name, First_Name,Year, GPA) VALUES('Teresa', 'Andy', 2014,3.11);

INSERT INTO Student (Last_Name, First_Name,Year, GPA) VALUES('Alice', 'George', 2014,3.32);

INSERT INTO Student (Last_Name, First_Name,Year, GPA) VALUES('Kris', 'Ava', 2014,3.34);

INSERT INTO Student (Last_Name, First_Name,Year, GPA) VALUES('Michael', 'Francis', 2016,3.99);

INSERT INTO Student (Last_Name, First_Name,Year, GPA) VALUES('Amanda', 'Fiona ', 2013,3.61);

INSERT INTO Student (Last_Name, First_Name,Year, GPA) VALUES('Albert', 'Sophia', 2014,3.34);

INSERT INTO Student (Last_Name, First_Name,Year, GPA) VALUES('Samantha', 'Jack', 2016,3.65);

INSERT INTO Student (Last_Name, First_Name,Year, GPA) VALUES('Johnson', 'Brooke', 2013,3.91);

INSERT INTO Student (Last_Name, First_Name,Year, GPA) VALUES('Albert', 'Sally', 2016,3.51);

INSERT INTO Student (Last_Name, First_Name,Year, GPA) VALUES('Barbara', 'Demi', 2014,3.68);

INSERT INTO Student (Last_Name, First_Name,Year, GPA) VALUES('Charles', 'Malcolm', 2016,3.75);

INSERT INTO Student (Last_Name, First_Name,Year, GPA) VALUES('Ava', 'Robert', 2016,3.94);

INSERT INTO Student (Last_Name, First_Name,Year, GPA) VALUES('Demi', 'William', 2016,3.24);

INSERT INTO Student (Last_Name, First_Name,Year, GPA) VALUES('Joy', 'William', 2014,3.82);

INSERT INTO Student (Last_Name, First_Name,Year, GPA) VALUES('Debbie', 'Johnson', 2016,3.32);

INSERT INTO Student (Last_Name, First_Name,Year, GPA) VALUES('Elizabeth', 'Rebecca', 2017,3.93);

INSERT INTO Student (Last_Name, First_Name,Year, GPA) VALUES('Jimmy', 'Vincent', 2016,3.24);

INSERT INTO Student (Last_Name, First_Name,Year, GPA) VALUES('Sophia', 'Gloria', 2013,3.63);

INSERT INTO Student (Last_Name, First_Name,Year, GPA) VALUES('Joseph', 'Brooke', 2015,3.18);

INSERT INTO Student (Last_Name, First_Name,Year, GPA) VALUES('Fiona ', 'Nancy', 2016,3.95);

INSERT INTO Student (Last_Name, First_Name,Year, GPA) VALUES('Ann', 'Joy', 2014,3.47);

INSERT INTO Student (Last_Name, First_Name,Year, GPA) VALUES('Betty', 'Mary', 2015,3.87);

INSERT INTO Student (Last_Name, First_Name,Year, GPA) VALUES('Robert', 'Bruce', 2013,3.62);

INSERT INTO Student (Last_Name, First_Name,Year, GPA) VALUES('Fiona ', 'Lee', 2015,3.40);

INSERT INTO Student (Last_Name, First_Name,Year, GPA) VALUES('Nancy', 'Christina', 2017,3.82);

INSERT INTO Student (Last_Name, First_Name,Year, GPA) VALUES('Johnson', 'Gloria', 2014,3.77);

INSERT INTO Student (Last_Name, First_Name,Year, GPA) VALUES('Jane', 'Gary', 2017,3.84);

INSERT INTO Student (Last_Name, First_Name,Year, GPA) VALUES('Martin', 'Vincent', 2015,3.64);

INSERT INTO Student (Last_Name, First_Name,Year, GPA) VALUES('Mark', 'Carol', 2017,3.20);

INSERT INTO Student (Last_Name, First_Name,Year, GPA) VALUES('Judy', 'Kevin', 2017,3.52);

INSERT INTO Student (Last_Name, First_Name,Year, GPA) VALUES('Lisa', 'Kate', 2017,3.72);

INSERT INTO Student (Last_Name, First_Name,Year, GPA) VALUES('Sam', 'Brooke', 2014,3.66);

INSERT INTO Student (Last_Name, First_Name,Year, GPA) VALUES('Helen', 'Paul', 2016,3.87);

INSERT INTO Student (Last_Name, First_Name,Year, GPA) VALUES('Judy', 'Thomas', 2016,3.65);

INSERT INTO Student (Last_Name, First_Name,Year, GPA) VALUES('Shirley', 'Henry', 2014,3.16);

INSERT INTO Student (Last_Name, First_Name,Year, GPA) VALUES('Rebecca', 'Christina', 2015,3.90);

INSERT INTO Student (Last_Name, First_Name,Year, GPA) VALUES('Charles', 'Charlie', 2014,3.40);

INSERT INTO Student (Last_Name, First_Name,Year, GPA) VALUES('Whitney', 'Maria', 2015,3.82);

INSERT INTO Student (Last_Name, First_Name,Year, GPA) VALUES('Dean', 'Karl', 2015,3.20);

INSERT INTO Student (Last_Name, First_Name,Year, GPA) VALUES('Walt', 'John', 2016,3.34);

INSERT INTO Student (Last_Name, First_Name,Year, GPA) VALUES('Grace', 'Elizabeth', 2014,3.77);

INSERT INTO Student (Last_Name, First_Name,Year, GPA) VALUES('Martin', 'Carl', 2013,3.36);

INSERT INTO Student (Last_Name, First_Name,Year, GPA) VALUES('Paul', 'Rita', 2013,3.11);

INSERT INTO Student (Last_Name, First_Name,Year, GPA) VALUES('Gloria', 'Doris', 2017,3.48);

INSERT INTO Student (Last_Name, First_Name,Year, GPA) VALUES('Thomas', 'George', 2015,3.65);

INSERT INTO Student (Last_Name, First_Name,Year, GPA) VALUES('Charles', 'Barbara', 2014,3.35);

INSERT INTO Student (Last_Name, First_Name,Year, GPA) VALUES('Jeff', 'Joyce', 2015,3.52);

INSERT INTO Student (Last_Name, First_Name,Year, GPA) VALUES('Grace', 'Gary', 2017,3.75);

INSERT INTO Student (Last_Name, First_Name,Year, GPA) VALUES('Fiona ', 'Louis', 2015,3.74);

INSERT INTO Student (Last_Name, First_Name,Year, GPA) VALUES('Grace', 'Stephen', 2017,3.15);

INSERT INTO Student (Last_Name, First_Name,Year, GPA) VALUES('George', 'Dean', 2016,3.78);

INSERT INTO Student (Last_Name, First_Name,Year, GPA) VALUES('Barbara', 'Carol', 2014,3.93);

INSERT INTO Student (Last_Name, First_Name,Year, GPA) VALUES('Lily', 'Allen', 2015,3.22);

INSERT INTO Student (Last_Name, First_Name,Year, GPA) VALUES('Jack', 'Mark', 2013,3.89);

INSERT INTO Student (Last_Name, First_Name,Year, GPA) VALUES('Bill', 'Sunny', 2014,3.52);

INSERT INTO Student (Last_Name, First_Name,Year, GPA) VALUES('Paul', 'Julie', 2016,3.15);

INSERT INTO Student (Last_Name, First_Name,Year, GPA) VALUES('Ross', 'Ross', 2014,3.39);

INSERT INTO Student (Last_Name, First_Name,Year, GPA) VALUES('Yvonne', 'Francis', 2013,3.94);

INSERT INTO Student (Last_Name, First_Name,Year, GPA) VALUES('John', 'Linda', 2013,3.62);

INSERT INTO Student (Last_Name, First_Name,Year, GPA) VALUES('Charles', 'Francis', 2016,3.19);

INSERT INTO Student (Last_Name, First_Name,Year, GPA) VALUES('Paul', 'Johnson', 2017,3.19);

INSERT INTO Student (Last_Name, First_Name,Year, GPA) VALUES('Carol', 'Gary', 2017,3.50);

INSERT INTO Student (Last_Name, First_Name,Year, GPA) VALUES('Eddy', 'Jackson', 2016,3.01);

INSERT INTO Student (Last_Name, First_Name,Year, GPA) VALUES('Charles', 'Kate', 2016,3.07);

INSERT INTO Student (Last_Name, First_Name,Year, GPA) VALUES('Fred', 'Andy', 2017,3.55);

INSERT INTO Student (Last_Name, First_Name,Year, GPA) VALUES('Fred', 'Margaret', 2013,3.28);

INSERT INTO Student (Last_Name, First_Name,Year, GPA) VALUES('Joan', 'Gary', 2013,3.54);

INSERT INTO Student (Last_Name, First_Name,Year, GPA) VALUES('Henry', 'Ava', 2015,3.47);

INSERT INTO Student (Last_Name, First_Name,Year, GPA) VALUES('Demi', 'Billy', 2017,3.26);

INSERT INTO Student (Last_Name, First_Name,Year, GPA) VALUES('Amanda', 'Joy', 2017,3.51);

INSERT INTO Student (Last_Name, First_Name,Year, GPA) VALUES('Albert', 'Carol', 2015,3.30);

INSERT INTO Student (Last_Name, First_Name,Year, GPA) VALUES('Wendy', 'Vincent', 2017,3.10);

INSERT INTO Student (Last_Name, First_Name,Year, GPA) VALUES('Margaret', 'Elliot', 2015,3.99);

INSERT INTO Student (Last_Name, First_Name,Year, GPA) VALUES('Sunny', 'Malcolm', 2017,3.91);

INSERT INTO Student (Last_Name, First_Name,Year, GPA) VALUES('Alice', 'Fiona', 2017,3.01);

INSERT INTO Student (Last_Name, First_Name,Year, GPA) VALUES('Brooke', 'Joseph', 2017,3.67);

INSERT INTO Student (Last_Name, First_Name,Year, GPA) VALUES('Richard', 'Mark', 2017,3.07);

INSERT INTO Student (Last_Name, First_Name,Year, GPA) VALUES('Judy', 'Carl', 2017,3.97);

INSERT INTO Student (Last_Name, First_Name,Year, GPA) VALUES('Margaret', 'Mark', 2013,3.12);

INSERT INTO Student (Last_Name, First_Name,Year, GPA) VALUES('Paul', 'Diana', 2015,3.39);

INSERT INTO Student (Last_Name, First_Name,Year, GPA) VALUES('Alice', 'Johnson', 2015,3.65);

INSERT INTO Student (Last_Name, First_Name,Year, GPA) VALUES('Joy', 'Vivian', 2015,3.83);

INSERT INTO Student (Last_Name, First_Name,Year, GPA) VALUES('Ann', 'Allen', 2017,3.89);

INSERT INTO Student (Last_Name, First_Name,Year, GPA) VALUES('Kris', 'Sam', 2016,3.17);

INSERT INTO Student (Last_Name, First_Name,Year, GPA) VALUES('Katharine', 'Louis', 2015,3.84);

INSERT INTO Student (Last_Name, First_Name,Year, GPA) VALUES('Peter', 'Joy', 2016,3.25);

INSERT INTO Student (Last_Name, First_Name,Year, GPA) VALUES('James', 'William', 2014,3.89);

INSERT INTO Student (Last_Name, First_Name,Year, GPA) VALUES('Robert', 'Jimmy', 2015,3.69);

INSERT INTO Student (Last_Name, First_Name,Year, GPA) VALUES('Stephen', 'Amanda', 2017,3.42);

INSERT INTO Student (Last_Name, First_Name,Year, GPA) VALUES('Michael', 'Ann', 2017,3.46);

INSERT INTO Student (Last_Name, First_Name,Year, GPA) VALUES('Gloria', 'John', 2014,3.64);

INSERT INTO Student (Last_Name, First_Name,Year, GPA) VALUES('Doris', 'Grace', 2013,3.54);

INSERT INTO Student (Last_Name, First_Name,Year, GPA) VALUES('Malcolm', 'Johnny', 2016,3.75);

INSERT INTO Student (Last_Name, First_Name,Year, GPA) VALUES('Louis', 'Paul', 2017,3.31);

INSERT INTO Student (Last_Name, First_Name,Year, GPA) VALUES('Charles', 'Bruce', 2014,3.01);

INSERT INTO Student (Last_Name, First_Name,Year, GPA) VALUES('Johnson', 'Scott', 2017,3.99);

INSERT INTO Student (Last_Name, First_Name,Year, GPA) VALUES('John', 'Robert', 2017,3.55);

INSERT INTO Student (Last_Name, First_Name,Year, GPA) VALUES('Allen', 'Burt', 2013,3.29);

INSERT INTO Student (Last_Name, First_Name,Year, GPA) VALUES('Fiona', 'John', 2017,3.62);

INSERT INTO Student (Last_Name, First_Name,Year, GPA) VALUES('Wendy', 'Bruce', 2016,3.40);

INSERT INTO Student (Last_Name, First_Name,Year, GPA) VALUES('Gary', 'Lewis', 2017,3.96);

INSERT INTO Student (Last_Name, First_Name,Year, GPA) VALUES('Michael', 'Gary', 2013,3.75);

INSERT INTO Student (Last_Name, First_Name,Year, GPA) VALUES('Benjamin', 'Vincent', 2015,3.78);

INSERT INTO Student (Last_Name, First_Name,Year, GPA) VALUES('Johnny', 'Christina', 2013,3.61);

INSERT INTO Student (Last_Name, First_Name,Year, GPA) VALUES('Albert', 'Lillian', 2016,3.50);

INSERT INTO Student (Last_Name, First_Name,Year, GPA) VALUES('Sam', 'Shirley', 2017,3.02);

INSERT INTO Student (Last_Name, First_Name,Year, GPA) VALUES('Diana', 'Lewis', 2014,3.29);

INSERT INTO Student (Last_Name, First_Name,Year, GPA) VALUES('Michael', 'Robert', 2014,3.97);

INSERT INTO Student (Last_Name, First_Name,Year, GPA) VALUES('Fred', 'Kris', 2013,3.89);

INSERT INTO Student (Last_Name, First_Name,Year, GPA) VALUES('Alice', 'Amanda', 2015,3.51);

INSERT INTO Student (Last_Name, First_Name,Year, GPA) VALUES('Doris', 'Joan', 2017,3.42);

INSERT INTO Student (Last_Name, First_Name,Year, GPA) VALUES('Carl', 'Lewis', 2017,3.48);

INSERT INTO Student (Last_Name, First_Name,Year, GPA) VALUES('Grace', 'Jack', 2016,3.62);

INSERT INTO Student (Last_Name, First_Name,Year, GPA) VALUES('Ross', 'Johnson', 2017,3.43);

INSERT INTO Student (Last_Name, First_Name,Year, GPA) VALUES('Jessica', 'Martin', 2015,3.81);

INSERT INTO Student (Last_Name, First_Name,Year, GPA) VALUES('David', 'Howard', 2016,3.53);

INSERT INTO Student (Last_Name, First_Name,Year, GPA) VALUES('May', 'Amanda', 2015,3.24);

INSERT INTO Student (Last_Name, First_Name,Year, GPA) VALUES('Scott', 'Christina', 2015,3.56);

INSERT INTO Student (Last_Name, First_Name,Year, GPA) VALUES('Jimmy', 'Benjamin', 2014,3.24);

INSERT INTO Student (Last_Name, First_Name,Year, GPA) VALUES('Jack', 'Scott', 2017,3.48);

INSERT INTO Student (Last_Name, First_Name,Year, GPA) VALUES('Benjamin', 'Joseph', 2017,3.96);

INSERT INTO Student (Last_Name, First_Name,Year, GPA) VALUES('William', 'Caroline', 2015,3.43);

INSERT INTO Student (Last_Name, First_Name,Year, GPA) VALUES('Gloria', 'Sally', 2013,3.43);

INSERT INTO Student (Last_Name, First_Name,Year, GPA) VALUES('Scott', 'Fred', 2017,3.34);

INSERT INTO Student (Last_Name, First_Name,Year, GPA) VALUES('Jeff', 'Elliot', 2016,3.22);

INSERT INTO Student (Last_Name, First_Name,Year, GPA) VALUES('Lewis', 'Nancy', 2015,3.04);

INSERT INTO Student (Last_Name, First_Name,Year, GPA) VALUES('Peter', 'Samantha', 2017,3.55);

INSERT INTO Student (Last_Name, First_Name,Year, GPA) VALUES('Shirley', 'Shirley', 2017,3.81);

INSERT INTO Student (Last_Name, First_Name,Year, GPA) VALUES('David', 'Johnny', 2017,3.24);

INSERT INTO Student (Last_Name, First_Name,Year, GPA) VALUES('Sally', 'Lee', 2015,3.30);

INSERT INTO Student (Last_Name, First_Name,Year, GPA) VALUES('Martin', 'Burt', 2016,3.64);

INSERT INTO Student (Last_Name, First_Name,Year, GPA) VALUES('Martin', 'Bob', 2017,3.07);

INSERT INTO Student (Last_Name, First_Name,Year, GPA) VALUES('Martin', 'Davis', 2013,3.79);

INSERT INTO Student (Last_Name, First_Name,Year, GPA) VALUES('Susan', 'Katharine', 2014,3.72);

INSERT INTO Student (Last_Name, First_Name,Year, GPA) VALUES('Niki', 'Samantha', 2014,3.86);

INSERT INTO Student (Last_Name, First_Name,Year, GPA) VALUES('Mary', 'Robert', 2015,3.95);

INSERT INTO Student (Last_Name, First_Name,Year, GPA) VALUES('Richard', 'Dean', 2015,3.55);

INSERT INTO Student (Last_Name, First_Name,Year, GPA) VALUES('Peter', 'Kelly', 2015,3.55);

INSERT INTO Student (Last_Name, First_Name,Year, GPA) VALUES('Helen', 'Joy', 2013,3.70);

INSERT INTO Student (Last_Name, First_Name,Year, GPA) VALUES('Lee', 'Fred', 2013,3.76);

INSERT INTO Student (Last_Name, First_Name,Year, GPA) VALUES('Vincent', 'Kris', 2017,3.80);

INSERT INTO Student (Last_Name, First_Name,Year, GPA) VALUES('Grace', 'Bill', 2013,3.57);

INSERT INTO Student (Last_Name, First_Name,Year, GPA) VALUES('Lisa', 'Sam', 2013,3.38);

INSERT INTO Student (Last_Name, First_Name,Year, GPA) VALUES('Helen', 'Amanda', 2015,3.74);

INSERT INTO Student (Last_Name, First_Name,Year, GPA) VALUES('Fiona ', 'Emily', 2016,3.17);

INSERT INTO Student (Last_Name, First_Name,Year, GPA) VALUES('Samantha', 'Thomas', 2015,3.92);

INSERT INTO Student (Last_Name, First_Name,Year, GPA) VALUES('Joan', 'Martin', 2014,3.64);

INSERT INTO Student (Last_Name, First_Name,Year, GPA) VALUES('Ava', 'Vivian', 2015,3.24);

INSERT INTO Student (Last_Name, First_Name,Year, GPA) VALUES('James', 'Christina', 2017,3.64);

INSERT INTO Student (Last_Name, First_Name,Year, GPA) VALUES('Judy', 'Joy', 2014,3.27);

INSERT INTO Student (Last_Name, First_Name,Year, GPA) VALUES('Carol', 'Vincent', 2014,3.36);

INSERT INTO Student (Last_Name, First_Name,Year, GPA) VALUES('Rebecca', 'Judy', 2014,3.03);

INSERT INTO Student (Last_Name, First_Name,Year, GPA) VALUES('Grace', 'Alice', 2017,3.88);

INSERT INTO Student (Last_Name, First_Name,Year, GPA) VALUES('Julie', 'John', 2015,3.17);

INSERT INTO Student (Last_Name, First_Name,Year, GPA) VALUES('Margaret', 'Gary', 2015,3.16);

INSERT INTO Student (Last_Name, First_Name,Year, GPA) VALUES('Shirley', 'Eddy', 2016,3.46);

INSERT INTO Student (Last_Name, First_Name,Year, GPA) VALUES('Elizabeth', 'Christina', 2014,3.60);

INSERT INTO Student (Last_Name, First_Name,Year, GPA) VALUES('Tracy', 'Joan', 2014,3.95);

INSERT INTO Student (Last_Name, First_Name,Year, GPA) VALUES('Dean', 'Eddy', 2015,3.89);

INSERT INTO Student (Last_Name, First_Name,Year, GPA) VALUES('Gary', 'Mark', 2017,3.00);

INSERT INTO Student (Last_Name, First_Name,Year, GPA) VALUES('Robert', 'Kevin', 2015,3.04);

INSERT INTO Student (Last_Name, First_Name,Year, GPA) VALUES('Fiona ', 'Scott', 2016,3.08);

INSERT INTO Student (Last_Name, First_Name,Year, GPA) VALUES('Lily', 'Lillian', 2014,3.24);

INSERT INTO Student (Last_Name, First_Name,Year, GPA) VALUES('William', 'Joyce', 2013,3.79);

INSERT INTO Student (Last_Name, First_Name,Year, GPA) VALUES('Gary', 'Charlie', 2016,3.73);

INSERT INTO Student (Last_Name, First_Name,Year, GPA) VALUES('Allen', 'Margaret', 2014,3.75);

INSERT INTO Student (Last_Name, First_Name,Year, GPA) VALUES('Paul', 'Helen', 2015,3.78);

INSERT INTO Student (Last_Name, First_Name,Year, GPA) VALUES('Teresa', 'Louis', 2016,3.63);

INSERT INTO Student (Last_Name, First_Name,Year, GPA) VALUES('Julie', 'Diana', 2015,3.33);

INSERT INTO Student (Last_Name, First_Name,Year, GPA) VALUES('Martin', 'Vivian', 2017,3.20);

INSERT INTO Student (Last_Name, First_Name,Year, GPA) VALUES('Lee', 'May', 2014,3.38);

INSERT INTO Student (Last_Name, First_Name,Year, GPA) VALUES('Emily', 'Stephen', 2013,3.42);

INSERT INTO Student (Last_Name, First_Name,Year, GPA) VALUES('Joy', 'Michael', 2013,3.48);

INSERT INTO Student (Last_Name, First_Name,Year, GPA) VALUES('Ava', 'Shelly', 2016,3.42);

INSERT INTO Student (Last_Name, First_Name,Year, GPA) VALUES('Helen', 'Brooke', 2015,3.54);

INSERT INTO Student (Last_Name, First_Name,Year, GPA) VALUES('Mark', 'Demi', 2015,3.08);

INSERT INTO Student (Last_Name, First_Name,Year, GPA) VALUES('Sam', 'Vivian', 2016,3.10);

INSERT INTO Student (Last_Name, First_Name,Year, GPA) VALUES('Whitney', 'Michael', 2016,3.10);

INSERT INTO Student (Last_Name, First_Name,Year, GPA) VALUES('Jack', 'Joy', 2017,3.64);

INSERT INTO Student (Last_Name, First_Name,Year, GPA) VALUES('Shirley', 'Jack', 2016,3.95);

INSERT INTO Student (Last_Name, First_Name,Year, GPA) VALUES('Charles', 'Peter', 2013,3.74);

INSERT INTO Student (Last_Name, First_Name,Year, GPA) VALUES('Amanda', 'Lily', 2014,3.33);

INSERT INTO Student (Last_Name, First_Name,Year, GPA) VALUES('Rebecca', 'James', 2016,3.94);

INSERT INTO Student (Last_Name, First_Name,Year, GPA) VALUES('Charlie', 'David', 2017,3.73);

INSERT INTO Student (Last_Name, First_Name,Year, GPA) VALUES('Jackson', 'Fred', 2014,3.05);

INSERT INTO Student (Last_Name, First_Name,Year, GPA) VALUES('Joseph', 'Wendy', 2016,3.65);

INSERT INTO Student (Last_Name, First_Name,Year, GPA) VALUES('Elliot', 'James', 2015,3.48);

INSERT INTO Student (Last_Name, First_Name,Year, GPA) VALUES('Alice', 'William', 2013,3.05);

INSERT INTO Student (Last_Name, First_Name,Year, GPA) VALUES('Tracy', 'Peter', 2015,4.00);

INSERT INTO Student (Last_Name, First_Name,Year, GPA) VALUES('Fiona ', 'Mary', 2014,3.13);

INSERT INTO Student (Last_Name, First_Name,Year, GPA) VALUES('Rita', 'Jimmy', 2014,3.91);

INSERT INTO Student (Last_Name, First_Name,Year, GPA) VALUES('Tom', 'Betty', 2016,3.39);

INSERT INTO Student (Last_Name, First_Name,Year, GPA) VALUES('Elizabeth', 'Scott', 2016,3.71);

INSERT INTO Student (Last_Name, First_Name,Year, GPA) VALUES('John', 'Fiona ', 2014,3.40);

INSERT INTO Student (Last_Name, First_Name,Year, GPA) VALUES('Barbara', 'Ann', 2016,3.47);

INSERT INTO Student (Last_Name, First_Name,Year, GPA) VALUES('Elizabeth', 'Sam', 2013,3.85);

INSERT INTO Student (Last_Name, First_Name,Year, GPA) VALUES('Jeff', 'Kate', 2014,3.18);

INSERT INTO Student (Last_Name, First_Name,Year, GPA) VALUES('Fred', 'Sally', 2015,3.40);

INSERT INTO Student (Last_Name, First_Name,Year, GPA) VALUES('Martin', 'Barbara', 2013,3.97);

INSERT INTO Student (Last_Name, First_Name,Year, GPA) VALUES('Michael', 'Vincent', 2017,3.68);

INSERT INTO Student (Last_Name, First_Name,Year, GPA) VALUES('Emily', 'Howard', 2015,3.84);

INSERT INTO Student (Last_Name, First_Name,Year, GPA) VALUES('Lewis', 'Barbara', 2015,3.84);

INSERT INTO Student (Last_Name, First_Name,Year, GPA) VALUES('Joseph', 'Paul', 2015,3.70);

INSERT INTO Student (Last_Name, First_Name,Year, GPA) VALUES('Susan', 'Sam', 2013,3.48);

INSERT INTO Student (Last_Name, First_Name,Year, GPA) VALUES('Charles', 'Robert', 2015,3.51);

INSERT INTO Student (Last_Name, First_Name,Year, GPA) VALUES('Vivian', 'Barbara', 2017,3.54);

INSERT INTO Student (Last_Name, First_Name,Year, GPA) VALUES('Jimmy', 'Stephen', 2014,3.32);

INSERT INTO Student (Last_Name, First_Name,Year, GPA) VALUES('John', 'Whitney', 2017,3.14);

INSERT INTO Student (Last_Name, First_Name,Year, GPA) VALUES('Vivian', 'Ann', 2013,3.28);

INSERT INTO Student (Last_Name, First_Name,Year, GPA) VALUES('Bill', 'Whitney', 2014,3.06);

INSERT INTO Student (Last_Name, First_Name,Year, GPA) VALUES('Henry', 'Maria', 2016,3.59);

INSERT INTO Student (Last_Name, First_Name,Year, GPA) VALUES('Julie', 'Whitney', 2016,3.95);

INSERT INTO Student (Last_Name, First_Name,Year, GPA) VALUES('Sam', 'Susan', 2017,3.59);

INSERT INTO Student (Last_Name, First_Name,Year, GPA) VALUES('Rita', 'Bob', 2017,3.57);

INSERT INTO Student (Last_Name, First_Name,Year, GPA) VALUES('Kevin', 'George', 2017,3.96);

INSERT INTO Student (Last_Name, First_Name,Year, GPA) VALUES('James', 'John', 2013,3.44);

INSERT INTO Student (Last_Name, First_Name,Year, GPA) VALUES('Joy', 'Doris', 2014,3.56);

INSERT INTO Student (Last_Name, First_Name,Year, GPA) VALUES('Shelly', 'Caroline', 2013,3.80);

INSERT INTO Student (Last_Name, First_Name,Year, GPA) VALUES('Gloria', 'May', 2016,3.04);

INSERT INTO Student (Last_Name, First_Name,Year, GPA) VALUES('Alice', 'Teresa', 2015,3.93);

INSERT INTO Student (Last_Name, First_Name,Year, GPA) VALUES('Elliot', 'Amanda', 2015,3.61);

INSERT INTO Student (Last_Name, First_Name,Year, GPA) VALUES('Gloria', 'Joseph', 2013,3.10);

INSERT INTO Student (Last_Name, First_Name,Year, GPA) VALUES('Joseph', 'Amanda', 2015,3.98);

INSERT INTO Student (Last_Name, First_Name,Year, GPA) VALUES('May', 'William', 2015,3.26);

INSERT INTO Student (Last_Name, First_Name,Year, GPA) VALUES('Nancy', 'Charles', 2016,3.40);

INSERT INTO Student (Last_Name, First_Name,Year, GPA) VALUES('Charles', 'Paul', 2015,3.08);

INSERT INTO Student (Last_Name, First_Name,Year, GPA) VALUES('Dolly', 'Davis', 2015,3.13);

INSERT INTO Student (Last_Name, First_Name,Year, GPA) VALUES('Diana', 'Stephen', 2013,3.03);

INSERT INTO Student (Last_Name, First_Name,Year, GPA) VALUES('Jack', 'Tom', 2014,3.71);

INSERT INTO Student (Last_Name, First_Name,Year, GPA) VALUES('Shelly', 'Scott', 2014,3.42);

INSERT INTO Student (Last_Name, First_Name,Year, GPA) VALUES('Lisa', 'Martin', 2013,3.35);

INSERT INTO Student (Last_Name, First_Name,Year, GPA) VALUES('Barbara', 'Jeff', 2017,3.86);

INSERT INTO Student (Last_Name, First_Name,Year, GPA) VALUES('Bill', 'Charles', 2013,3.16);

INSERT INTO Student (Last_Name, First_Name,Year, GPA) VALUES('Carl', 'Barbara', 2015,3.91);

INSERT INTO Student (Last_Name, First_Name,Year, GPA) VALUES('Ann', 'Robert', 2016,3.10);

INSERT INTO Student (Last_Name, First_Name,Year, GPA) VALUES('Vincent', 'Nancy', 2016,3.27);

INSERT INTO Student (Last_Name, First_Name,Year, GPA) VALUES('Dolly', 'James', 2014,3.90);

INSERT INTO Student (Last_Name, First_Name,Year, GPA) VALUES('Kevin', 'Ava', 2014,3.42);

INSERT INTO Student (Last_Name, First_Name,Year, GPA) VALUES('Kevin', 'Elizabeth', 2014,3.93);

INSERT INTO Student (Last_Name, First_Name,Year, GPA) VALUES('Lillian', 'Allen', 2013,3.07);

INSERT INTO Student (Last_Name, First_Name,Year, GPA) VALUES('Rudy', 'Joan', 2014,3.61);

INSERT INTO Student (Last_Name, First_Name,Year, GPA) VALUES('Walt', 'Lee', 2016,3.77);

INSERT INTO Student (Last_Name, First_Name,Year, GPA) VALUES('Francis', 'Neil', 2015,3.67);

INSERT INTO Student (Last_Name, First_Name,Year, GPA) VALUES('Robert', 'Jack', 2017,3.06);

INSERT INTO Student (Last_Name, First_Name,Year, GPA) VALUES('Demi', 'Karl', 2016,3.94);

INSERT INTO Student (Last_Name, First_Name,Year, GPA) VALUES('Thomas', 'Grace', 2016,3.50);

INSERT INTO Student (Last_Name, First_Name,Year, GPA) VALUES('Emily', 'Melody', 2017,3.46);

INSERT INTO Student (Last_Name, First_Name,Year, GPA) VALUES('Ava', 'Walt', 2013,3.31);

INSERT INTO Student (Last_Name, First_Name,Year, GPA) VALUES('Ann', 'Robert', 2016,3.65);

INSERT INTO Student (Last_Name, First_Name,Year, GPA) VALUES('Elizabeth', 'Richard', 2016,3.13);

INSERT INTO Student (Last_Name, First_Name,Year, GPA) VALUES('Ann', 'Johnson', 2015,3.18);

INSERT INTO Student (Last_Name, First_Name,Year, GPA) VALUES('Fiona ', 'Ava', 2015,3.62);

INSERT INTO Student (Last_Name, First_Name,Year, GPA) VALUES('Lisa', 'Jackson', 2016,3.52);

INSERT INTO Student (Last_Name, First_Name,Year, GPA) VALUES('Louis', 'Grace', 2013,3.82);

INSERT INTO Student (Last_Name, First_Name,Year, GPA) VALUES('Tracy', 'Gary', 2015,3.67);

INSERT INTO Student (Last_Name, First_Name,Year, GPA) VALUES('Martin', 'Ross', 2017,3.77);

INSERT INTO Student (Last_Name, First_Name,Year, GPA) VALUES('Tom', 'Louis', 2017,3.97);

INSERT INTO Student (Last_Name, First_Name,Year, GPA) VALUES('Charles', 'Martin', 2015,3.42);

INSERT INTO Student (Last_Name, First_Name,Year, GPA) VALUES('Elliot', 'Joy', 2015,3.89);

INSERT INTO Student (Last_Name, First_Name,Year, GPA) VALUES('Jack', 'Grace', 2013,3.92);

INSERT INTO Student (Last_Name, First_Name,Year, GPA) VALUES('Scott', 'Vivian', 2015,3.51);

INSERT INTO Student (Last_Name, First_Name,Year, GPA) VALUES('Richard', 'Charles', 2017,3.38);

INSERT INTO Student (Last_Name, First_Name,Year, GPA) VALUES('Katharine', 'Johnson', 2017,3.22);

INSERT INTO Student (Last_Name, First_Name,Year, GPA) VALUES('Allen', 'Scott', 2013,3.19);

INSERT INTO Student (Last_Name, First_Name,Year, GPA) VALUES('Jackson', 'Whitney', 2013,3.56);

INSERT INTO Student (Last_Name, First_Name,Year, GPA) VALUES('Rudy', 'Nick', 2017,3.44);

INSERT INTO Student (Last_Name, First_Name,Year, GPA) VALUES('Francis', 'Kevin', 2015,3.24);

INSERT INTO Student (Last_Name, First_Name,Year, GPA) VALUES('Vivian', 'Kate', 2015,3.61);

INSERT INTO Student (Last_Name, First_Name,Year, GPA) VALUES('Bill', 'William', 2015,3.93);

INSERT INTO Student (Last_Name, First_Name,Year, GPA) VALUES('Joan', 'Malcolm', 2017,3.92);

INSERT INTO Student (Last_Name, First_Name,Year, GPA) VALUES('Rebecca', 'Albert', 2014,3.55);

INSERT INTO Student (Last_Name, First_Name,Year, GPA) VALUES('Malcolm', 'Jessica', 2013,3.72);

INSERT INTO Student (Last_Name, First_Name,Year, GPA) VALUES('Benjamin', 'Lewis', 2017,3.34);

INSERT INTO Student (Last_Name, First_Name,Year, GPA) VALUES('Christina', 'Kelly', 2016,3.49);

INSERT INTO Student (Last_Name, First_Name,Year, GPA) VALUES('George', 'Julie', 2014,3.45);

INSERT INTO Student (Last_Name, First_Name,Year, GPA) VALUES('Peter', 'Joan', 2016,3.63);

INSERT INTO Student (Last_Name, First_Name,Year, GPA) VALUES('Lewis', 'Michael', 2017,3.26);

INSERT INTO Student (Last_Name, First_Name,Year, GPA) VALUES('Elizabeth', 'Kris', 2013,3.82);

INSERT INTO Student (Last_Name, First_Name,Year, GPA) VALUES('Nancy', 'Gloria', 2014,3.19);

INSERT INTO Student (Last_Name, First_Name,Year, GPA) VALUES('Robert', 'Fiona ', 2016,3.24);

INSERT INTO Student (Last_Name, First_Name,Year, GPA) VALUES('Robert', 'Carol', 2013,3.67);

INSERT INTO Student (Last_Name, First_Name,Year, GPA) VALUES('Joseph', 'Shirley', 2016,3.29);

INSERT INTO Student (Last_Name, First_Name,Year, GPA) VALUES('Nancy', 'Margaret', 2015,3.27);

INSERT INTO Student (Last_Name, First_Name,Year, GPA) VALUES('Lewis', 'Debbie', 2016,3.76);

INSERT INTO Student (Last_Name, First_Name,Year, GPA) VALUES('Johnson', 'Eddy', 2015,3.04);

INSERT INTO Student (Last_Name, First_Name,Year, GPA) VALUES('Charlie', 'William', 2014,3.66);

INSERT INTO Student (Last_Name, First_Name,Year, GPA) VALUES('Judy', 'Doris', 2015,3.99);

INSERT INTO Student (Last_Name, First_Name,Year, GPA) VALUES('George', 'Ann', 2013,3.20);

INSERT INTO Student (Last_Name, First_Name,Year, GPA) VALUES('Henry', 'Ann', 2017,3.06);

INSERT INTO Student (Last_Name, First_Name,Year, GPA) VALUES('Vincent', 'Sam', 2015,3.63);

INSERT INTO Student (Last_Name, First_Name,Year, GPA) VALUES('Burt', 'Thomas', 2017,3.68);

INSERT INTO Student (Last_Name, First_Name,Year, GPA) VALUES('John', 'May', 2014,3.78);

INSERT INTO Student (Last_Name, First_Name,Year, GPA) VALUES('Linda', 'Peter', 2016,3.74);

INSERT INTO Student (Last_Name, First_Name,Year, GPA) VALUES('Scott', 'Charles', 2016,3.27);

INSERT INTO Student (Last_Name, First_Name,Year, GPA) VALUES('Sally', 'Dolly', 2017,3.23);

INSERT INTO Student (Last_Name, First_Name,Year, GPA) VALUES('Judy', 'Jane', 2014,3.51);

INSERT INTO Student (Last_Name, First_Name,Year, GPA) VALUES('Charlie', 'Yvonne', 2017,3.06);

INSERT INTO Student (Last_Name, First_Name,Year, GPA) VALUES('Nick', 'Whitney', 2016,3.21);

INSERT INTO Student (Last_Name, First_Name,Year, GPA) VALUES('Wendy', 'Bill', 2016,3.15);

INSERT INTO Student (Last_Name, First_Name,Year, GPA) VALUES('Lisa', 'Ava', 2017,4.00);

INSERT INTO Student (Last_Name, First_Name,Year, GPA) VALUES('Jane', 'Gary', 2014,3.54);

INSERT INTO Student (Last_Name, First_Name,Year, GPA) VALUES('Wendy', 'Charlie', 2015,3.91);

INSERT INTO Student (Last_Name, First_Name,Year, GPA) VALUES('Emily', 'Sam', 2015,3.28);

INSERT INTO Student (Last_Name, First_Name,Year, GPA) VALUES('Louis', 'Lee', 2013,3.06);

INSERT INTO Student (Last_Name, First_Name,Year, GPA) VALUES('Joy', 'Diana', 2015,3.46);

INSERT INTO Student (Last_Name, First_Name,Year, GPA) VALUES('Bob', 'Fred', 2014,3.43);

INSERT INTO Student (Last_Name, First_Name,Year, GPA) VALUES('Gloria', 'Amanda', 2015,3.36);

INSERT INTO Student (Last_Name, First_Name,Year, GPA) VALUES('George', 'Karl', 2015,3.19);

INSERT INTO Student (Last_Name, First_Name,Year, GPA) VALUES('Jeff', 'Kevin', 2016,3.18);

INSERT INTO Student (Last_Name, First_Name,Year, GPA) VALUES('Francis', 'Taylor', 2017,3.28);

INSERT INTO Student (Last_Name, First_Name,Year, GPA) VALUES('Barbara', 'Jimmy', 2016,3.57);

INSERT INTO Student (Last_Name, First_Name,Year, GPA) VALUES('Lillian', 'Jackson', 2014,3.61);

INSERT INTO Student (Last_Name, First_Name,Year, GPA) VALUES('John', 'David', 2013,3.79);

INSERT INTO Student (Last_Name, First_Name,Year, GPA) VALUES('Vincent', 'Bruce', 2015,3.92);

INSERT INTO Student (Last_Name, First_Name,Year, GPA) VALUES('Billy', 'Vincent', 2016,3.18);

INSERT INTO Student (Last_Name, First_Name,Year, GPA) VALUES('Dean', 'Elizabeth', 2016,3.25);

INSERT INTO Student (Last_Name, First_Name,Year, GPA) VALUES('Martin', 'Barbara', 2014,3.95);

INSERT INTO Student (Last_Name, First_Name,Year, GPA) VALUES('Tom', 'Grace', 2015,3.73);

INSERT INTO Student (Last_Name, First_Name,Year, GPA) VALUES('Allen', 'Katharine', 2015,3.57);

INSERT INTO Student (Last_Name, First_Name,Year, GPA) VALUES('Jimmy', 'Scott', 2014,3.54);

INSERT INTO Student (Last_Name, First_Name,Year, GPA) VALUES('Mark', 'Burt', 2015,3.39);

INSERT INTO Student (Last_Name, First_Name,Year, GPA) VALUES('Joseph', 'James', 2014,3.77);

INSERT INTO Student (Last_Name, First_Name,Year, GPA) VALUES('Dolly', 'John', 2014,3.86);

INSERT INTO Student (Last_Name, First_Name,Year, GPA) VALUES('Andy', 'Susan', 2017,3.09);

INSERT INTO Student (Last_Name, First_Name,Year, GPA) VALUES('Johnson', 'Charles', 2014,3.56);

INSERT INTO Student (Last_Name, First_Name,Year, GPA) VALUES('Davis', 'Diana', 2013,3.67);

INSERT INTO Student (Last_Name, First_Name,Year, GPA) VALUES('Joan', 'Christina', 2017,3.98);

INSERT INTO Student (Last_Name, First_Name,Year, GPA) VALUES('Billy', 'Ann', 2017,3.48);

INSERT INTO Student (Last_Name, First_Name,Year, GPA) VALUES('Joseph', 'Betty', 2017,3.79);

INSERT INTO Student (Last_Name, First_Name,Year, GPA) VALUES('Scott', 'Alice', 2015,3.48);

INSERT INTO Student (Last_Name, First_Name,Year, GPA) VALUES('Barbara', 'Peter', 2017,3.71);

INSERT INTO Student (Last_Name, First_Name,Year, GPA) VALUES('Teresa', 'Johnson', 2013,3.82);

INSERT INTO Student (Last_Name, First_Name,Year, GPA) VALUES('Rudy', 'Carl', 2013,3.02);

INSERT INTO Student (Last_Name, First_Name,Year, GPA) VALUES('Vincent', 'Scott', 2016,3.54);

INSERT INTO Student (Last_Name, First_Name,Year, GPA) VALUES('Johnny', 'Paul', 2016,3.18);

INSERT INTO Student (Last_Name, First_Name,Year, GPA) VALUES('Lillian', 'Fiona ', 2013,3.10);

INSERT INTO Student (Last_Name, First_Name,Year, GPA) VALUES('Scott', 'Doris', 2014,3.60);

INSERT INTO Student (Last_Name, First_Name,Year, GPA) VALUES('Mark', 'Paul', 2016,3.04);

INSERT INTO Student (Last_Name, First_Name,Year, GPA) VALUES('Brooke', 'Michael', 2016,3.16);

INSERT INTO Student (Last_Name, First_Name,Year, GPA) VALUES('Mary', 'Scott', 2017,3.23);

INSERT INTO Student (Last_Name, First_Name,Year, GPA) VALUES('Judy', 'Bruce', 2013,3.69);

INSERT INTO Student (Last_Name, First_Name,Year, GPA) VALUES('Ava', 'Scott', 2014,3.31);

INSERT INTO Student (Last_Name, First_Name,Year, GPA) VALUES('Betty', 'Fiona', 2017,3.49);

INSERT INTO Student (Last_Name, First_Name,Year, GPA) VALUES('Emily', 'Bill', 2015,3.72);

INSERT INTO Student (Last_Name, First_Name,Year, GPA) VALUES('Yvonne', 'Kelly', 2013,3.72);

INSERT INTO Student (Last_Name, First_Name,Year, GPA) VALUES('Elizabeth', 'Billy', 2017,3.43);

INSERT INTO Student (Last_Name, First_Name,Year, GPA) VALUES('Andy', 'Thomas', 2013,3.53);

INSERT INTO Student (Last_Name, First_Name,Year, GPA) VALUES('Maria', 'Henry', 2015,3.66);

INSERT INTO Student (Last_Name, First_Name,Year, GPA) VALUES('Wendy', 'Allen', 2014,3.17);

INSERT INTO Student (Last_Name, First_Name,Year, GPA) VALUES('Richard', 'Demi', 2017,3.22);

INSERT INTO Student (Last_Name, First_Name,Year, GPA) VALUES('William', 'George', 2017,3.36);

INSERT INTO Student (Last_Name, First_Name,Year, GPA) VALUES('Fiona', 'Christina', 2013,3.94);

INSERT INTO Student (Last_Name, First_Name,Year, GPA) VALUES('Stephen', 'Lewis', 2015,3.84);

INSERT INTO Student (Last_Name, First_Name,Year, GPA) VALUES('Joan', 'Doris', 2015,3.66);

INSERT INTO Student (Last_Name, First_Name,Year, GPA) VALUES('Vivian', 'Lily', 2015,3.70);

INSERT INTO Student (Last_Name, First_Name,Year, GPA) VALUES('Tracy', 'Shirley', 2013,3.72);

INSERT INTO Student (Last_Name, First_Name,Year, GPA) VALUES('Charles', 'Diana', 2017,3.18);

INSERT INTO Student (Last_Name, First_Name,Year, GPA) VALUES('Melody', 'James', 2013,3.03);

INSERT INTO Student (Last_Name, First_Name,Year, GPA) VALUES('Wendy', 'Peter', 2013,3.69);

INSERT INTO Student (Last_Name, First_Name,Year, GPA) VALUES('Eddy', 'Doris', 2013,3.51);

INSERT INTO Student (Last_Name, First_Name,Year, GPA) VALUES('Eddy', 'William', 2015,3.81);

INSERT INTO Student (Last_Name, First_Name,Year, GPA) VALUES('Taylor', 'Grace', 2014,3.90);

INSERT INTO Student (Last_Name, First_Name,Year, GPA) VALUES('Malcolm', 'Katharine', 2013,3.13);

INSERT INTO Student (Last_Name, First_Name,Year, GPA) VALUES('Nick', 'Sunny', 2014,3.09);

INSERT INTO Student (Last_Name, First_Name,Year, GPA) VALUES('Michael', 'Yvonne', 2014,3.35);

INSERT INTO Student (Last_Name, First_Name,Year, GPA) VALUES('Fred', 'Caroline', 2016,3.65);

INSERT INTO Student (Last_Name, First_Name,Year, GPA) VALUES('George', 'Johnson', 2013,3.19);

INSERT INTO Student (Last_Name, First_Name,Year, GPA) VALUES('Sam', 'David', 2014,3.89);

INSERT INTO Student (Last_Name, First_Name,Year, GPA) VALUES('James', 'Barbara', 2013,3.88);

INSERT INTO Student (Last_Name, First_Name,Year, GPA) VALUES('Allen', 'Sunny', 2013,3.65);

INSERT INTO Student (Last_Name, First_Name,Year, GPA) VALUES('Barbara', 'Scott', 2016,3.03);

INSERT INTO Student (Last_Name, First_Name,Year, GPA) VALUES('Helen', 'Katharine', 2015,3.67);

INSERT INTO Student (Last_Name, First_Name,Year, GPA) VALUES('Robert', 'Vivian', 2015,3.65);

INSERT INTO Student (Last_Name, First_Name,Year, GPA) VALUES('Fred', 'Bill', 2015,3.98);

INSERT INTO Student (Last_Name, First_Name,Year, GPA) VALUES('Joseph', 'Samantha', 2015,3.53);

INSERT INTO Student (Last_Name, First_Name,Year, GPA) VALUES('Lillian', 'Paul', 2017,3.35);

INSERT INTO Student (Last_Name, First_Name,Year, GPA) VALUES('Wendy', 'Dean', 2014,3.15);

INSERT INTO Student (Last_Name, First_Name,Year, GPA) VALUES('Dolly', 'John', 2016,3.12);

INSERT INTO Student (Last_Name, First_Name,Year, GPA) VALUES('Sophia', 'Martin', 2014,3.90);

INSERT INTO Student (Last_Name, First_Name,Year, GPA) VALUES('Margaret', 'Peter', 2016,3.39);

INSERT INTO Student (Last_Name, First_Name,Year, GPA) VALUES('Charles', 'Maria', 2013,3.39);

INSERT INTO Student (Last_Name, First_Name,Year, GPA) VALUES('Robert', 'Andy', 2017,3.12);

INSERT INTO Student (Last_Name, First_Name,Year, GPA) VALUES('Lily', 'Neil', 2013,3.24);

INSERT INTO Student (Last_Name, First_Name,Year, GPA) VALUES('Bill', 'John', 2015,3.41);

INSERT INTO Student (Last_Name, First_Name,Year, GPA) VALUES('Grace', 'Gary', 2017,3.80);

INSERT INTO Student (Last_Name, First_Name,Year, GPA) VALUES('Peter', 'Peter', 2017,3.28);

INSERT INTO Student (Last_Name, First_Name,Year, GPA) VALUES('Christina', 'Robert', 2017,3.65);

INSERT INTO Student (Last_Name, First_Name,Year, GPA) VALUES('Sam', 'Walt', 2013,3.79);

INSERT INTO Student (Last_Name, First_Name,Year, GPA) VALUES('Lewis', 'Peter', 2015,3.50);

INSERT INTO Student (Last_Name, First_Name,Year, GPA) VALUES('Jackson', 'Mark', 2017,3.40);

INSERT INTO Student (Last_Name, First_Name,Year, GPA) VALUES('Rita', 'Vincent', 2016,3.45);

INSERT INTO Student (Last_Name, First_Name,Year, GPA) VALUES('Katharine', 'Sam', 2015,3.23);

INSERT INTO Student (Last_Name, First_Name,Year, GPA) VALUES('Sophia', 'George', 2013,3.72);

INSERT INTO Student (Last_Name, First_Name,Year, GPA) VALUES('Paul', 'Charles', 2015,3.93);

INSERT INTO Student (Last_Name, First_Name,Year, GPA) VALUES('Bruce', 'Amanda', 2015,3.75);

INSERT INTO Student (Last_Name, First_Name,Year, GPA) VALUES('Yvonne', 'Peter', 2017,3.23);

INSERT INTO Student (Last_Name, First_Name,Year, GPA) VALUES('Rita', 'Joseph', 2015,3.72);

INSERT INTO Student (Last_Name, First_Name,Year, GPA) VALUES('Kevin', 'Richard', 2014,3.94);

INSERT INTO Student (Last_Name, First_Name,Year, GPA) VALUES('Helen', 'Amanda', 2015,3.14);

INSERT INTO Student (Last_Name, First_Name,Year, GPA) VALUES('May', 'Judy', 2013,3.17);

INSERT INTO Student (Last_Name, First_Name,Year, GPA) VALUES('Lillian', 'Paul', 2017,3.36);

INSERT INTO Student (Last_Name, First_Name,Year, GPA) VALUES('Lisa', 'Walt', 2017,3.82);

INSERT INTO Student (Last_Name, First_Name,Year, GPA) VALUES('Michael', 'Peter', 2013,3.65);

INSERT INTO Student (Last_Name, First_Name,Year, GPA) VALUES('William', 'Martin', 2015,3.46);

INSERT INTO Student (Last_Name, First_Name,Year, GPA) VALUES('Benjamin', 'Carol', 2014,3.19);

INSERT INTO Student (Last_Name, First_Name,Year, GPA) VALUES('Elizabeth', 'Jane', 2017,3.73);

INSERT INTO Student (Last_Name, First_Name,Year, GPA) VALUES('Kevin', 'Fiona ', 2017,3.89);

INSERT INTO Student (Last_Name, First_Name,Year, GPA) VALUES('Sophia', 'Andy', 2013,3.14);

INSERT INTO Student (Last_Name, First_Name,Year, GPA) VALUES('Tracy', 'Gary', 2017,3.25);

INSERT INTO Student (Last_Name, First_Name,Year, GPA) VALUES('Betty', 'Howard', 2016,3.09);

INSERT INTO Student (Last_Name, First_Name,Year, GPA) VALUES('Robert', 'Ava', 2014,3.90);

INSERT INTO Student (Last_Name, First_Name,Year, GPA) VALUES('Robert', 'Jack', 2013,3.15);

INSERT INTO Student (Last_Name, First_Name,Year, GPA) VALUES('Helen', 'Johnny', 2017,3.14);

INSERT INTO Student (Last_Name, First_Name,Year, GPA) VALUES('Demi', 'Lewis', 2014,3.84);

INSERT INTO Student (Last_Name, First_Name,Year, GPA) VALUES('Taylor', 'Melody', 2015,3.18);

INSERT INTO Student (Last_Name, First_Name,Year, GPA) VALUES('Jack', 'George', 2017,3.43);

INSERT INTO Student (Last_Name, First_Name,Year, GPA) VALUES('Mary', 'Whitney', 2014,3.21);

INSERT INTO Student (Last_Name, First_Name,Year, GPA) VALUES('Helen', 'John', 2015,3.19);

INSERT INTO Student (Last_Name, First_Name,Year, GPA) VALUES('Taylor', 'Carol', 2014,3.86);

INSERT INTO Student (Last_Name, First_Name,Year, GPA) VALUES('Mark', 'Michael', 2017,3.10);

INSERT INTO Student (Last_Name, First_Name,Year, GPA) VALUES('Henry', 'Jimmy', 2017,3.80);

INSERT INTO Student (Last_Name, First_Name,Year, GPA) VALUES('Wendy', 'John', 2017,3.32);

INSERT INTO Student (Last_Name, First_Name,Year, GPA) VALUES('Julie', 'Grace', 2016,3.65);

INSERT INTO Student (Last_Name, First_Name,Year, GPA) VALUES('Julie', 'Doris', 2014,3.79);

INSERT INTO Student (Last_Name, First_Name,Year, GPA) VALUES('Francis', 'Samantha', 2017,3.71);

INSERT INTO Student (Last_Name, First_Name,Year, GPA) VALUES('Brooke', 'Julie', 2013,3.49);

INSERT INTO Student (Last_Name, First_Name,Year, GPA) VALUES('Allen', 'Charles', 2016,3.80);

INSERT INTO Student (Last_Name, First_Name,Year, GPA) VALUES('Jackson', 'Gary', 2017,3.29);

INSERT INTO Student (Last_Name, First_Name,Year, GPA) VALUES('Allen', 'Margaret', 2014,3.80);

INSERT INTO Student (Last_Name, First_Name,Year, GPA) VALUES('Barbara', 'Lillian', 2016,3.24);

INSERT INTO Student (Last_Name, First_Name,Year, GPA) VALUES('Martin', 'Grace', 2015,3.60);

INSERT INTO Student (Last_Name, First_Name,Year, GPA) VALUES('John', 'Nancy', 2015,3.02);

INSERT INTO Student (Last_Name, First_Name,Year, GPA) VALUES('Joyce', 'Richard', 2013,3.35);

INSERT INTO Student (Last_Name, First_Name,Year, GPA) VALUES('Albert', 'Nancy', 2014,3.88);

INSERT INTO Student (Last_Name, First_Name,Year, GPA) VALUES('May', 'Bill', 2017,3.80);

INSERT INTO Student (Last_Name, First_Name,Year, GPA) VALUES('Jack', 'David', 2013,3.77);

INSERT INTO Student (Last_Name, First_Name,Year, GPA) VALUES('Neil', 'Fred', 2013,3.33);

INSERT INTO Student (Last_Name, First_Name,Year, GPA) VALUES('Bill', 'John', 2017,3.44);

INSERT INTO Student (Last_Name, First_Name,Year, GPA) VALUES('Henry', 'Taylor', 2014,3.82);

INSERT INTO Student (Last_Name, First_Name,Year, GPA) VALUES('Scott', 'Barbara', 2013,3.10);

INSERT INTO Student (Last_Name, First_Name,Year, GPA) VALUES('Charles', 'Nancy', 2014,3.88);

INSERT INTO Student (Last_Name, First_Name,Year, GPA) VALUES('Charlie', 'Jeff', 2014,3.66);

INSERT INTO Student (Last_Name, First_Name,Year, GPA) VALUES('Robert', 'Paul', 2015,3.28);

INSERT INTO Student (Last_Name, First_Name,Year, GPA) VALUES('Julie', 'Andy', 2013,3.17);

INSERT INTO Student (Last_Name, First_Name,Year, GPA) VALUES('Walt', 'Bill', 2013,3.81);

INSERT INTO Student (Last_Name, First_Name,Year, GPA) VALUES('Joy', 'Whitney', 2016,3.31);

INSERT INTO Student (Last_Name, First_Name,Year, GPA) VALUES('Ross', 'Amanda', 2014,3.27);

INSERT INTO Student (Last_Name, First_Name,Year, GPA) VALUES('Emily', 'John', 2016,3.87);

INSERT INTO Student (Last_Name, First_Name,Year, GPA) VALUES('Brooke', 'John', 2014,3.93);

INSERT INTO Student (Last_Name, First_Name,Year, GPA) VALUES('Grace', 'David', 2013,3.39);

INSERT INTO Student (Last_Name, First_Name,Year, GPA) VALUES('Joyce', 'John', 2015,3.50);

INSERT INTO Student (Last_Name, First_Name,Year, GPA) VALUES('Helen', 'Carol', 2016,3.29);

INSERT INTO Student (Last_Name, First_Name,Year, GPA) VALUES('Vincent', 'Lee', 2017,3.99);

INSERT INTO Student (Last_Name, First_Name,Year, GPA) VALUES('Whitney', 'Joan', 2013,3.15);

INSERT INTO Student (Last_Name, First_Name,Year, GPA) VALUES('Vincent', 'Rudy', 2016,3.93);

INSERT INTO Student (Last_Name, First_Name,Year, GPA) VALUES('Robert', 'Sam', 2015,3.74);

INSERT INTO Student (Last_Name, First_Name,Year, GPA) VALUES('Mark', 'Martin', 2017,3.50);

INSERT INTO Student (Last_Name, First_Name,Year, GPA) VALUES('Kelly', 'Mary', 2013,3.14);

INSERT INTO Student (Last_Name, First_Name,Year, GPA) VALUES('Martin', 'Demi', 2017,3.57);

INSERT INTO Student (Last_Name, First_Name,Year, GPA) VALUES('Vivian', 'Allen', 2017,3.29);

INSERT INTO Student (Last_Name, First_Name,Year, GPA) VALUES('Richard', 'Christina', 2015,3.08);

INSERT INTO Student (Last_Name, First_Name,Year, GPA) VALUES('Gary', 'Scott', 2017,3.50);

INSERT INTO Student (Last_Name, First_Name,Year, GPA) VALUES('George', 'Dolly', 2017,3.81);

INSERT INTO Student (Last_Name, First_Name,Year, GPA) VALUES('George', 'Kevin', 2016,3.16);

INSERT INTO Student (Last_Name, First_Name,Year, GPA) VALUES('Joan', 'Lisa', 2015,3.41);

INSERT INTO Student (Last_Name, First_Name,Year, GPA) VALUES('Carol', 'John', 2013,3.26);

INSERT INTO Student (Last_Name, First_Name,Year, GPA) VALUES('Barbara', 'Charles', 2013,3.02);

INSERT INTO Student (Last_Name, First_Name,Year, GPA) VALUES('Amanda', 'Shirley', 2014,3.38);

INSERT INTO Student (Last_Name, First_Name,Year, GPA) VALUES('Davis', 'Joyce', 2016,3.46);

INSERT INTO Student (Last_Name, First_Name,Year, GPA) VALUES('Gary', 'Tracy', 2014,3.25);

INSERT INTO Student (Last_Name, First_Name,Year, GPA) VALUES('Whitney', 'Julie', 2016,3.81);

INSERT INTO Student (Last_Name, First_Name,Year, GPA) VALUES('Sally', 'Elizabeth', 2013,3.87);

INSERT INTO Student (Last_Name, First_Name,Year, GPA) VALUES('Martin', 'Bill', 2017,3.83);

INSERT INTO Student (Last_Name, First_Name,Year, GPA) VALUES('Brooke', 'Julie', 2017,3.53);

INSERT INTO Student (Last_Name, First_Name,Year, GPA) VALUES('Francis', 'Fiona', 2013,3.72);

INSERT INTO Student (Last_Name, First_Name,Year, GPA) VALUES('Melody', 'Tracy', 2013,3.70);

INSERT INTO Student (Last_Name, First_Name,Year, GPA) VALUES('George', 'Thomas', 2016,3.09);

INSERT INTO Student (Last_Name, First_Name,Year, GPA) VALUES('Yvonne', 'Sam', 2015,3.97);

INSERT INTO Student (Last_Name, First_Name,Year, GPA) VALUES('Gloria', 'Mark', 2015,3.34);

INSERT INTO Student (Last_Name, First_Name,Year, GPA) VALUES('Ava', 'Lewis', 2017,3.74);

INSERT INTO Student (Last_Name, First_Name,Year, GPA) VALUES('Richard', 'Scott', 2014,3.78);

INSERT INTO Student (Last_Name, First_Name,Year, GPA) VALUES('Jack', 'Christina', 2016,3.20);

INSERT INTO Student (Last_Name, First_Name,Year, GPA) VALUES('Vivian', 'Peter', 2013,3.36);

INSERT INTO Student (Last_Name, First_Name,Year, GPA) VALUES('Bob', 'Carl', 2013,3.55);

INSERT INTO Student (Last_Name, First_Name,Year, GPA) VALUES('Bruce', 'Joan', 2014,3.93);

INSERT INTO Student (Last_Name, First_Name,Year, GPA) VALUES('Joy', 'Gloria', 2015,3.52);

INSERT INTO Student (Last_Name, First_Name,Year, GPA) VALUES('Gary', 'Samantha', 2017,3.23);

INSERT INTO Student (Last_Name, First_Name,Year, GPA) VALUES('Mark', 'Nancy', 2015,3.79);

INSERT INTO Student (Last_Name, First_Name,Year, GPA) VALUES('Sally', 'Ava', 2015,3.59);

INSERT INTO Student (Last_Name, First_Name,Year, GPA) VALUES('Barbara', 'Wendy', 2016,3.41);

INSERT INTO Student (Last_Name, First_Name,Year, GPA) VALUES('Henry', 'Helen', 2013,3.48);

INSERT INTO Student (Last_Name, First_Name,Year, GPA) VALUES('Bruce', 'Carol', 2014,4.00);


/* Populate faculty table (created by TestdataGenerator.java)*/
INSERT INTO Faculty (Last_Name, First_Name, Pay_grade) VALUES('Vivian', 'Tom', '7');

INSERT INTO Faculty (Last_Name, First_Name, Pay_grade) VALUES('Malcolm', 'Paul', '2');

INSERT INTO Faculty (Last_Name, First_Name, Pay_grade) VALUES('Bob', 'Louis', '7');

INSERT INTO Faculty (Last_Name, First_Name, Pay_grade) VALUES('Fiona', 'Mark', '3');

INSERT INTO Faculty (Last_Name, First_Name, Pay_grade) VALUES('Allen', 'Gary', '2');

INSERT INTO Faculty (Last_Name, First_Name, Pay_grade) VALUES('Judy', 'Vivian', '2');

INSERT INTO Faculty (Last_Name, First_Name, Pay_grade) VALUES('Rudy', 'Sunny', '3');

INSERT INTO Faculty (Last_Name, First_Name, Pay_grade) VALUES('Jackson', 'Thomas', '3');

INSERT INTO Faculty (Last_Name, First_Name, Pay_grade) VALUES('Sam', 'Kate', '2');

INSERT INTO Faculty (Last_Name, First_Name, Pay_grade) VALUES('Joyce', 'Richard', '2');

INSERT INTO Faculty (Last_Name, First_Name, Pay_grade) VALUES('Elizabeth', 'Kevin', '7');

INSERT INTO Faculty (Last_Name, First_Name, Pay_grade) VALUES('Shirley', 'Fred', '1');

INSERT INTO Faculty (Last_Name, First_Name, Pay_grade) VALUES('Katharine', 'Tom', '1');

INSERT INTO Faculty (Last_Name, First_Name, Pay_grade) VALUES('Scott', 'Taylor', '2');

INSERT INTO Faculty (Last_Name, First_Name, Pay_grade) VALUES('Michael', 'Robert', '3');

INSERT INTO Faculty (Last_Name, First_Name, Pay_grade) VALUES('Lee', 'Melody', '1');

INSERT INTO Faculty (Last_Name, First_Name, Pay_grade) VALUES('Vincent', 'Stephen', '3');

INSERT INTO Faculty (Last_Name, First_Name, Pay_grade) VALUES('Gary', 'Lewis', '7');

INSERT INTO Faculty (Last_Name, First_Name, Pay_grade) VALUES('Martin', 'Dolly', '2');

INSERT INTO Faculty (Last_Name, First_Name, Pay_grade) VALUES('Andy', 'Linda', '7');

/* Assign each section a faculty */
INSERT INTO course_participant VALUES('FM3', '20143COMS41112','Faculty');

INSERT INTO course_participant VALUES('JV3', '20143COMS49561','Faculty');

INSERT INTO course_participant VALUES('RS3', '20143COMS49562','Faculty');

INSERT INTO course_participant VALUES('RS3', '20143COMS49563','Faculty');

INSERT INTO course_participant VALUES('VS3', '20152CENG53571','Faculty');

INSERT INTO course_participant VALUES('AG2', '20152CENG53572','Faculty');

INSERT INTO course_participant VALUES('MP4', '20152CENG53573','Faculty');

INSERT INTO course_participant VALUES('JV3', '20152COMS01011','Faculty');

INSERT INTO course_participant VALUES('MR4', '20152COMS01012','Faculty');

INSERT INTO course_participant VALUES('EK2', '20152COMS01013','Faculty');

INSERT INTO course_participant VALUES('KT1', '20153ELEN27452','Faculty');

INSERT INTO course_participant VALUES('JV3', '20161COMS64651','Faculty');

INSERT INTO course_participant VALUES('SK2', '20163ELEN91101','Faculty');

INSERT INTO course_participant VALUES('BL3', '20163ELEN91102','Faculty');

INSERT INTO course_participant VALUES('VS3', '20163ELEN91103','Faculty');

INSERT INTO course_participant VALUES('AG2', '20171COMS41113','Faculty');

INSERT INTO course_participant VALUES('SF2', '20171ELEN41452','Faculty');

INSERT INTO course_participant VALUES('VT1', '20172CENG49982','Faculty');

INSERT INTO course_participant VALUES('ST2', '20172CENG86751','Faculty');

INSERT INTO course_participant VALUES('MP4', '20172COMS38662','Faculty');

INSERT INTO course_participant VALUES('VT1', '20172COMS41111','Faculty');

INSERT INTO course_participant VALUES('MP4', '20172COMS96641','Faculty');

INSERT INTO course_participant VALUES('FM3', '20172COMS96642','Faculty');

INSERT INTO course_participant VALUES('AG2', '20172COMS96643','Faculty');

/* Assign each student a course to take */
INSERT INTO course_participant VALUES('AA1', '20172COMS96642','Student');

INSERT INTO course_participant VALUES('AA2', '20152COMS01011','Student');

INSERT INTO course_participant VALUES('AB1', '20143COMS49562','Student');

INSERT INTO course_participant VALUES('AC1', '20143COMS49563','Student');

INSERT INTO course_participant VALUES('AC2', '20171COMS41113','Student');

INSERT INTO course_participant VALUES('AF1', '20143COMS49562','Student');

INSERT INTO course_participant VALUES('AF2', '20152COMS01012','Student');

INSERT INTO course_participant VALUES('AG1', '20152CENG53572','Student');

INSERT INTO course_participant VALUES('AJ1', '20172COMS38662','Student');

INSERT INTO course_participant VALUES('AJ2', '20143COMS49563','Student');

INSERT INTO course_participant VALUES('AJ3', '20172COMS38662','Student');

INSERT INTO course_participant VALUES('AJ4', '20143COMS49563','Student');

INSERT INTO course_participant VALUES('AK1', '20152COMS01013','Student');

INSERT INTO course_participant VALUES('AL1', '20172COMS96643','Student');

INSERT INTO course_participant VALUES('AL2', '20152CENG53572','Student');

INSERT INTO course_participant VALUES('AL3', '20143COMS41112','Student');

INSERT INTO course_participant VALUES('AM1', '20152CENG53573','Student');

INSERT INTO course_participant VALUES('AM2', '20152CENG53571','Student');

INSERT INTO course_participant VALUES('AN1', '20172COMS96641','Student');

INSERT INTO course_participant VALUES('AR1', '20163ELEN91102','Student');

INSERT INTO course_participant VALUES('AR2', '20172COMS41111','Student');

INSERT INTO course_participant VALUES('AR3', '20172CENG49982','Student');

INSERT INTO course_participant VALUES('AS1', '20152CENG53571','Student');

INSERT INTO course_participant VALUES('AS2', '20172CENG86751','Student');

INSERT INTO course_participant VALUES('AS3', '20172COMS41111','Student');

INSERT INTO course_participant VALUES('AS4', '20161COMS64651','Student');

INSERT INTO course_participant VALUES('AS5', '20143COMS41112','Student');

INSERT INTO course_participant VALUES('AS6', '20171COMS41113','Student');

INSERT INTO course_participant VALUES('AS7', '20163ELEN91102','Student');

INSERT INTO course_participant VALUES('AS8', '20161COMS64651','Student');

INSERT INTO course_participant VALUES('AT1', '20143COMS41112','Student');

INSERT INTO course_participant VALUES('AT2', '20172CENG49982','Student');

INSERT INTO course_participant VALUES('AV1', '20143COMS41112','Student');

INSERT INTO course_participant VALUES('AW1', '20172COMS96641','Student');

INSERT INTO course_participant VALUES('AW2', '20172COMS96641','Student');

INSERT INTO course_participant VALUES('BA1', '20143COMS49561','Student');

INSERT INTO course_participant VALUES('BA2', '20152COMS01011','Student');

INSERT INTO course_participant VALUES('BA3', '20163ELEN91101','Student');

INSERT INTO course_participant VALUES('BC1', '20152COMS01013','Student');

INSERT INTO course_participant VALUES('BC2', '20163ELEN91103','Student');

INSERT INTO course_participant VALUES('BC3', '20172CENG86751','Student');

INSERT INTO course_participant VALUES('BC4', '20143COMS49561','Student');

INSERT INTO course_participant VALUES('BC5', '20143COMS41112','Student');

INSERT INTO course_participant VALUES('BC6', '20153ELEN27452','Student');

INSERT INTO course_participant VALUES('BD1', '20172COMS96642','Student');

INSERT INTO course_participant VALUES('BF1', '20161COMS64651','Student');

INSERT INTO course_participant VALUES('BF2', '20171COMS41113','Student');

INSERT INTO course_participant VALUES('BH1', '20172CENG86751','Student');

INSERT INTO course_participant VALUES('BJ1', '20161COMS64651','Student');

INSERT INTO course_participant VALUES('BJ10', '20152COMS01012','Student');

INSERT INTO course_participant VALUES('BJ11', '20152CENG53572','Student');

INSERT INTO course_participant VALUES('BJ2', '20152COMS01011','Student');

INSERT INTO course_participant VALUES('BJ3', '20171ELEN41452','Student');

INSERT INTO course_participant VALUES('BJ4', '20143COMS49561','Student');

INSERT INTO course_participant VALUES('BJ5', '20163ELEN91101','Student');

INSERT INTO course_participant VALUES('BJ6', '20172CENG86751','Student');

INSERT INTO course_participant VALUES('BJ7', '20172COMS41111','Student');

INSERT INTO course_participant VALUES('BJ8', '20143COMS49563','Student');

INSERT INTO course_participant VALUES('BJ9', '20152CENG53571','Student');

INSERT INTO course_participant VALUES('BL1', '20172COMS96641','Student');

INSERT INTO course_participant VALUES('BL2', '20172COMS41111','Student');

INSERT INTO course_participant VALUES('BM1', '20143COMS49562','Student');

INSERT INTO course_participant VALUES('BM2', '20172COMS96641','Student');

INSERT INTO course_participant VALUES('BP1', '20163ELEN91101','Student');

INSERT INTO course_participant VALUES('BS1', '20152CENG53571','Student');

INSERT INTO course_participant VALUES('BS2', '20152COMS01012','Student');

INSERT INTO course_participant VALUES('BT1', '20152CENG53573','Student');

INSERT INTO course_participant VALUES('BV1', '20172CENG86751','Student');

INSERT INTO course_participant VALUES('BV2', '20172COMS41111','Student');

INSERT INTO course_participant VALUES('BW1', '20161COMS64651','Student');

INSERT INTO course_participant VALUES('BW2', '20171COMS41113','Student');

INSERT INTO course_participant VALUES('BW3', '20171COMS41113','Student');

INSERT INTO course_participant VALUES('CB1', '20143COMS49561','Student');

INSERT INTO course_participant VALUES('CB2', '20172COMS96641','Student');

INSERT INTO course_participant VALUES('CB3', '20171COMS41113','Student');

INSERT INTO course_participant VALUES('CC1', '20172COMS96643','Student');

INSERT INTO course_participant VALUES('CD1', '20172COMS41111','Student');

INSERT INTO course_participant VALUES('CD2', '20163ELEN91102','Student');

INSERT INTO course_participant VALUES('CF1', '20172COMS38662','Student');

INSERT INTO course_participant VALUES('CG1', '20172COMS96642','Student');

INSERT INTO course_participant VALUES('CJ1', '20161COMS64651','Student');

INSERT INTO course_participant VALUES('CJ2', '20172COMS38662','Student');

INSERT INTO course_participant VALUES('CK1', '20163ELEN91101','Student');

INSERT INTO course_participant VALUES('CK2', '20171ELEN41452','Student');

INSERT INTO course_participant VALUES('CL1', '20172CENG86751','Student');

INSERT INTO course_participant VALUES('CM1', '20171ELEN41452','Student');

INSERT INTO course_participant VALUES('CM2', '20163ELEN91101','Student');

INSERT INTO course_participant VALUES('CM3', '20152CENG53572','Student');

INSERT INTO course_participant VALUES('CN1', '20152CENG53573','Student');

INSERT INTO course_participant VALUES('CP1', '20161COMS64651','Student');

INSERT INTO course_participant VALUES('CP2', '20163ELEN91101','Student');

INSERT INTO course_participant VALUES('CR1', '20152COMS01013','Student');

INSERT INTO course_participant VALUES('CR2', '20172COMS96642','Student');

INSERT INTO course_participant VALUES('CV1', '20171ELEN41452','Student');

INSERT INTO course_participant VALUES('CW1', '20172COMS96641','Student');

INSERT INTO course_participant VALUES('CY1', '20153ELEN27452','Student');

INSERT INTO course_participant VALUES('DB1', '20172COMS96642','Student');

INSERT INTO course_participant VALUES('DD1', '20163ELEN91101','Student');

INSERT INTO course_participant VALUES('DD2', '20143COMS49561','Student');

INSERT INTO course_participant VALUES('DE1', '20172CENG86751','Student');

INSERT INTO course_participant VALUES('DE2', '20172CENG49982','Student');

INSERT INTO course_participant VALUES('DG1', '20163ELEN91101','Student');

INSERT INTO course_participant VALUES('DH1', '20152CENG53572','Student');

INSERT INTO course_participant VALUES('DJ1', '20163ELEN91102','Student');

INSERT INTO course_participant VALUES('DJ2', '20172CENG86751','Student');

INSERT INTO course_participant VALUES('DJ3', '20153ELEN27452','Student');

INSERT INTO course_participant VALUES('DJ4', '20172COMS96642','Student');

INSERT INTO course_participant VALUES('DJ5', '20172COMS41111','Student');

INSERT INTO course_participant VALUES('DJ6', '20172COMS96643','Student');

INSERT INTO course_participant VALUES('DJ7', '20172CENG49982','Student');

INSERT INTO course_participant VALUES('DK1', '20163ELEN91101','Student');

INSERT INTO course_participant VALUES('DK2', '20171COMS41113','Student');

INSERT INTO course_participant VALUES('DL1', '20172COMS38662','Student');

INSERT INTO course_participant VALUES('DL2', '20143COMS41112','Student');

INSERT INTO course_participant VALUES('DS1', '20152COMS01011','Student');

INSERT INTO course_participant VALUES('DW1', '20153ELEN27452','Student');

INSERT INTO course_participant VALUES('EA1', '20152CENG53573','Student');

INSERT INTO course_participant VALUES('EB1', '20153ELEN27452','Student');

INSERT INTO course_participant VALUES('EB2', '20152CENG53572','Student');

INSERT INTO course_participant VALUES('EC1', '20172COMS96642','Student');

INSERT INTO course_participant VALUES('ED1', '20152CENG53571','Student');

INSERT INTO course_participant VALUES('EH1', '20172COMS96643','Student');

INSERT INTO course_participant VALUES('EJ1', '20152CENG53573','Student');

INSERT INTO course_participant VALUES('EJ2', '20152COMS01012','Student');

INSERT INTO course_participant VALUES('EJ3', '20172COMS96643','Student');

INSERT INTO course_participant VALUES('EJ4', '20143COMS49563','Student');

INSERT INTO course_participant VALUES('EJ5', '20172COMS41111','Student');

INSERT INTO course_participant VALUES('EK1', '20171COMS41113','Student');

INSERT INTO course_participant VALUES('EM1', '20143COMS49561','Student');

INSERT INTO course_participant VALUES('ER1', '20163ELEN91101','Student');

INSERT INTO course_participant VALUES('ER2', '20153ELEN27452','Student');

INSERT INTO course_participant VALUES('ES1', '20152COMS01011','Student');

INSERT INTO course_participant VALUES('ES2', '20143COMS49562','Student');

INSERT INTO course_participant VALUES('ES3', '20143COMS49561','Student');

INSERT INTO course_participant VALUES('ES4', '20172COMS96643','Student');

INSERT INTO course_participant VALUES('EW1', '20143COMS49562','Student');

INSERT INTO course_participant VALUES('FA1', '20172CENG49982','Student');

INSERT INTO course_participant VALUES('FA2', '20152CENG53572','Student');

INSERT INTO course_participant VALUES('FB1', '20152COMS01011','Student');

INSERT INTO course_participant VALUES('FC1', '20152CENG53573','Student');

INSERT INTO course_participant VALUES('FC2', '20143COMS49563','Student');

INSERT INTO course_participant VALUES('FD1', '20143COMS49563','Student');

INSERT INTO course_participant VALUES('FE1', '20172COMS96643','Student');

INSERT INTO course_participant VALUES('FF1', '20143COMS49562','Student');

INSERT INTO course_participant VALUES('FJ1', '20163ELEN91103','Student');

INSERT INTO course_participant VALUES('FK1', '20163ELEN91101','Student');

INSERT INTO course_participant VALUES('FK2', '20143COMS49563','Student');

INSERT INTO course_participant VALUES('FL1', '20153ELEN27452','Student');

INSERT INTO course_participant VALUES('FL2', '20152COMS01013','Student');

INSERT INTO course_participant VALUES('FM1', '20152CENG53571','Student');

INSERT INTO course_participant VALUES('FM2', '20172COMS96641','Student');

INSERT INTO course_participant VALUES('FN1', '20153ELEN27452','Student');

INSERT INTO course_participant VALUES('FN2', '20153ELEN27452','Student');

INSERT INTO course_participant VALUES('FS1', '20143COMS49562','Student');

INSERT INTO course_participant VALUES('FS2', '20163ELEN91101','Student');

INSERT INTO course_participant VALUES('FS3', '20172COMS96642','Student');

INSERT INTO course_participant VALUES('FT1', '20161COMS64651','Student');

INSERT INTO course_participant VALUES('GA1', '20163ELEN91103','Student');

INSERT INTO course_participant VALUES('GA2', '20172COMS96643','Student');

INSERT INTO course_participant VALUES('GA3', '20143COMS41112','Student');

INSERT INTO course_participant VALUES('GA4', '20153ELEN27452','Student');

INSERT INTO course_participant VALUES('GB1', '20163ELEN91102','Student');

INSERT INTO course_participant VALUES('GC1', '20152CENG53571','Student');

INSERT INTO course_participant VALUES('GD1', '20143COMS49563','Student');

INSERT INTO course_participant VALUES('GD2', '20161COMS64651','Student');

INSERT INTO course_participant VALUES('GD3', '20172COMS96643','Student');

INSERT INTO course_participant VALUES('GD4', '20153ELEN27452','Student');

INSERT INTO course_participant VALUES('GE1', '20172COMS41111','Student');

INSERT INTO course_participant VALUES('GG1', '20163ELEN91101','Student');

INSERT INTO course_participant VALUES('GG2', '20153ELEN27452','Student');

INSERT INTO course_participant VALUES('GJ1', '20171COMS41113','Student');

INSERT INTO course_participant VALUES('GJ2', '20172CENG49982','Student');

INSERT INTO course_participant VALUES('GJ3', '20163ELEN91102','Student');

INSERT INTO course_participant VALUES('GJ4', '20152COMS01011','Student');

INSERT INTO course_participant VALUES('GJ5', '20172COMS96643','Student');

INSERT INTO course_participant VALUES('GK1', '20143COMS49562','Student');

INSERT INTO course_participant VALUES('GK2', '20172CENG49982','Student');

INSERT INTO course_participant VALUES('GL1', '20172CENG86751','Student');

INSERT INTO course_participant VALUES('GM1', '20153ELEN27452','Student');

INSERT INTO course_participant VALUES('GM2', '20143COMS49563','Student');

INSERT INTO course_participant VALUES('GM3', '20163ELEN91103','Student');

INSERT INTO course_participant VALUES('GS1', '20152COMS01012','Student');

INSERT INTO course_participant VALUES('GS2', '20152COMS01012','Student');

INSERT INTO course_participant VALUES('GS3', '20143COMS49563','Student');

INSERT INTO course_participant VALUES('GS4', '20172COMS96641','Student');

INSERT INTO course_participant VALUES('GT1', '20172CENG49982','Student');

INSERT INTO course_participant VALUES('GT2', '20143COMS49563','Student');

INSERT INTO course_participant VALUES('HA1', '20171COMS41113','Student');

INSERT INTO course_participant VALUES('HA2', '20152CENG53573','Student');

INSERT INTO course_participant VALUES('HA3', '20152CENG53571','Student');

INSERT INTO course_participant VALUES('HA4', '20172CENG49982','Student');

INSERT INTO course_participant VALUES('HB1', '20152COMS01012','Student');

INSERT INTO course_participant VALUES('HC1', '20172COMS41111','Student');

INSERT INTO course_participant VALUES('HH1', '20153ELEN27452','Student');

INSERT INTO course_participant VALUES('HJ1', '20163ELEN91102','Student');

INSERT INTO course_participant VALUES('HJ2', '20161COMS64651','Student');

INSERT INTO course_participant VALUES('HJ3', '20152COMS01012','Student');

INSERT INTO course_participant VALUES('HJ4', '20172CENG86751','Student');

INSERT INTO course_participant VALUES('HK1', '20152COMS01013','Student');

INSERT INTO course_participant VALUES('HM1', '20152COMS01011','Student');

INSERT INTO course_participant VALUES('HP1', '20163ELEN91102','Student');

INSERT INTO course_participant VALUES('HP2', '20152CENG53571','Student');

INSERT INTO course_participant VALUES('HT1', '20172CENG86751','Student');

INSERT INTO course_participant VALUES('JA1', '20152COMS01013','Student');

INSERT INTO course_participant VALUES('JA2', '20171COMS41113','Student');

INSERT INTO course_participant VALUES('JA3', '20143COMS49561','Student');

INSERT INTO course_participant VALUES('JA4', '20152COMS01012','Student');

INSERT INTO course_participant VALUES('JB1', '20143COMS49563','Student');

INSERT INTO course_participant VALUES('JB2', '20152COMS01012','Student');

INSERT INTO course_participant VALUES('JB3', '20172COMS96643','Student');

INSERT INTO course_participant VALUES('JB4', '20152COMS01013','Student');

INSERT INTO course_participant VALUES('JB5', '20172COMS38662','Student');

INSERT INTO course_participant VALUES('JB6', '20172CENG49982','Student');

INSERT INTO course_participant VALUES('JC1', '20172COMS38662','Student');

INSERT INTO course_participant VALUES('JC2', '20152COMS01013','Student');

INSERT INTO course_participant VALUES('JC3', '20171COMS41113','Student');

INSERT INTO course_participant VALUES('JC4', '20143COMS49561','Student');

INSERT INTO course_participant VALUES('JC5', '20172COMS96643','Student');

INSERT INTO course_participant VALUES('JC6', '20171COMS41113','Student');

INSERT INTO course_participant VALUES('JD1', '20171COMS41113','Student');

INSERT INTO course_participant VALUES('JD2', '20163ELEN91102','Student');

INSERT INTO course_participant VALUES('JD3', '20143COMS49563','Student');

INSERT INTO course_participant VALUES('JD4', '20172COMS96643','Student');

INSERT INTO course_participant VALUES('JD5', '20172COMS38662','Student');

INSERT INTO course_participant VALUES('JD6', '20163ELEN91101','Student');

INSERT INTO course_participant VALUES('JD7', '20152COMS01011','Student');

INSERT INTO course_participant VALUES('JD8', '20171COMS41113','Student');

INSERT INTO course_participant VALUES('JE1', '20143COMS49563','Student');

INSERT INTO course_participant VALUES('JE2', '20163ELEN91103','Student');

INSERT INTO course_participant VALUES('JF1', '20171COMS41113','Student');

INSERT INTO course_participant VALUES('JF2', '20172CENG49982','Student');

INSERT INTO course_participant VALUES('JG1', '20152CENG53572','Student');

INSERT INTO course_participant VALUES('JG2', '20152COMS01013','Student');

INSERT INTO course_participant VALUES('JG3', '20152COMS01011','Student');

INSERT INTO course_participant VALUES('JG4', '20172COMS41111','Student');

INSERT INTO course_participant VALUES('JG5', '20172CENG49982','Student');

INSERT INTO course_participant VALUES('JG6', '20152COMS01011','Student');

INSERT INTO course_participant VALUES('JG7', '20163ELEN91103','Student');

INSERT INTO course_participant VALUES('JG8', '20171COMS41113','Student');

INSERT INTO course_participant VALUES('JG9', '20172CENG49982','Student');

INSERT INTO course_participant VALUES('JJ1', '20172COMS96643','Student');

INSERT INTO course_participant VALUES('JJ2', '20172COMS96643','Student');

INSERT INTO course_participant VALUES('JJ3', '20172COMS38662','Student');

INSERT INTO course_participant VALUES('JJ4', '20172COMS41111','Student');

INSERT INTO course_participant VALUES('JJ5', '20152CENG53573','Student');

INSERT INTO course_participant VALUES('JJ6', '20143COMS49561','Student');

INSERT INTO course_participant VALUES('JJ7', '20163ELEN91101','Student');

INSERT INTO course_participant VALUES('JJ8', '20143COMS49562','Student');

INSERT INTO course_participant VALUES('JJ9', '20172CENG86751','Student');

INSERT INTO course_participant VALUES('JK1', '20152COMS01013','Student');

INSERT INTO course_participant VALUES('JK2', '20172COMS41111','Student');

INSERT INTO course_participant VALUES('JK3', '20172CENG49982','Student');

INSERT INTO course_participant VALUES('JL1', '20143COMS49563','Student');

INSERT INTO course_participant VALUES('JL2', '20152CENG53573','Student');

INSERT INTO course_participant VALUES('JM1', '20163ELEN91101','Student');

INSERT INTO course_participant VALUES('JM2', '20172COMS96641','Student');

INSERT INTO course_participant VALUES('JM3', '20172COMS96642','Student');

INSERT INTO course_participant VALUES('JM4', '20143COMS49562','Student');

INSERT INTO course_participant VALUES('JM5', '20143COMS41112','Student');

INSERT INTO course_participant VALUES('JM6', '20172COMS96643','Student');

INSERT INTO course_participant VALUES('JM7', '20171COMS41113','Student');

INSERT INTO course_participant VALUES('JN1', '20143COMS41112','Student');

INSERT INTO course_participant VALUES('JP1', '20152CENG53572','Student');

INSERT INTO course_participant VALUES('JP2', '20152CENG53571','Student');

INSERT INTO course_participant VALUES('JR1', '20161COMS64651','Student');

INSERT INTO course_participant VALUES('JR2', '20171ELEN41452','Student');

INSERT INTO course_participant VALUES('JS1', '20172CENG49982','Student');

INSERT INTO course_participant VALUES('JS2', '20152CENG53573','Student');

INSERT INTO course_participant VALUES('JS3', '20152COMS01012','Student');

INSERT INTO course_participant VALUES('JS4', '20143COMS41112','Student');

INSERT INTO course_participant VALUES('JS5', '20152COMS01011','Student');

INSERT INTO course_participant VALUES('JS6', '20143COMS49561','Student');

INSERT INTO course_participant VALUES('JT1', '20152COMS01013','Student');

INSERT INTO course_participant VALUES('JT2', '20163ELEN91102','Student');

INSERT INTO course_participant VALUES('JV1', '20152CENG53573','Student');

INSERT INTO course_participant VALUES('JV2', '20143COMS49563','Student');

INSERT INTO course_participant VALUES('JW1', '20172CENG49982','Student');

INSERT INTO course_participant VALUES('JW2', '20171COMS41113','Student');

INSERT INTO course_participant VALUES('JW3', '20152CENG53573','Student');

INSERT INTO course_participant VALUES('JW4', '20172COMS96642','Student');

INSERT INTO course_participant VALUES('JW5', '20143COMS49563','Student');

INSERT INTO course_participant VALUES('JW6', '20153ELEN27452','Student');

INSERT INTO course_participant VALUES('JW7', '20163ELEN91103','Student');

INSERT INTO course_participant VALUES('KA1', '20143COMS49562','Student');

INSERT INTO course_participant VALUES('KA2', '20163ELEN91101','Student');

INSERT INTO course_participant VALUES('KE1', '20143COMS41112','Student');

INSERT INTO course_participant VALUES('KF1', '20163ELEN91101','Student');

INSERT INTO course_participant VALUES('KG1', '20143COMS49563','Student');

INSERT INTO course_participant VALUES('KJ1', '20163ELEN91103','Student');

INSERT INTO course_participant VALUES('KL1', '20152CENG53571','Student');

INSERT INTO course_participant VALUES('KM1', '20143COMS49562','Student');

INSERT INTO course_participant VALUES('KR1', '20172CENG86751','Student');

INSERT INTO course_participant VALUES('KS1', '20143COMS49561','Student');

INSERT INTO course_participant VALUES('KS2', '20143COMS49562','Student');

INSERT INTO course_participant VALUES('LA1', '20172CENG49982','Student');

INSERT INTO course_participant VALUES('LA2', '20172COMS96643','Student');

INSERT INTO course_participant VALUES('LA3', '20152COMS01012','Student');

INSERT INTO course_participant VALUES('LB1', '20143COMS49563','Student');

INSERT INTO course_participant VALUES('LD1', '20172COMS96641','Student');

INSERT INTO course_participant VALUES('LF1', '20172COMS41111','Student');

INSERT INTO course_participant VALUES('LF2', '20163ELEN91103','Student');

INSERT INTO course_participant VALUES('LG1', '20152CENG53571','Student');

INSERT INTO course_participant VALUES('LJ1', '20152CENG53572','Student');

INSERT INTO course_participant VALUES('LJ2', '20152CENG53572','Student');

INSERT INTO course_participant VALUES('LK1', '20161COMS64651','Student');

INSERT INTO course_participant VALUES('LL1', '20163ELEN91102','Student');

INSERT INTO course_participant VALUES('LL2', '20152CENG53572','Student');

INSERT INTO course_participant VALUES('LM1', '20163ELEN91101','Student');

INSERT INTO course_participant VALUES('LM2', '20152CENG53573','Student');

INSERT INTO course_participant VALUES('LM3', '20172COMS96643','Student');

INSERT INTO course_participant VALUES('LN1', '20172CENG86751','Student');

INSERT INTO course_participant VALUES('LN2', '20152COMS01013','Student');

INSERT INTO course_participant VALUES('LP1', '20152COMS01013','Student');

INSERT INTO course_participant VALUES('LP2', '20152COMS01011','Student');

INSERT INTO course_participant VALUES('LP3', '20152COMS01013','Student');

INSERT INTO course_participant VALUES('LP4', '20152CENG53573','Student');

INSERT INTO course_participant VALUES('LP5', '20172COMS41111','Student');

INSERT INTO course_participant VALUES('LS1', '20152COMS01011','Student');

INSERT INTO course_participant VALUES('LW1', '20172COMS41111','Student');

INSERT INTO course_participant VALUES('MA1', '20171ELEN41452','Student');

INSERT INTO course_participant VALUES('MA2', '20172COMS96643','Student');

INSERT INTO course_participant VALUES('MB1', '20163ELEN91101','Student');

INSERT INTO course_participant VALUES('MB2', '20143COMS49562','Student');

INSERT INTO course_participant VALUES('MB3', '20152COMS01013','Student');

INSERT INTO course_participant VALUES('MB4', '20152COMS01011','Student');

INSERT INTO course_participant VALUES('MB5', '20172CENG86751','Student');

INSERT INTO course_participant VALUES('MB6', '20172CENG86751','Student');

INSERT INTO course_participant VALUES('MB7', '20161COMS64651','Student');

INSERT INTO course_participant VALUES('MC1', '20152CENG53571','Student');

INSERT INTO course_participant VALUES('MC2', '20161COMS64651','Student');

INSERT INTO course_participant VALUES('MD1', '20163ELEN91101','Student');

INSERT INTO course_participant VALUES('MD2', '20171COMS41113','Student');

INSERT INTO course_participant VALUES('MD3', '20163ELEN91102','Student');

INSERT INTO course_participant VALUES('ME1', '20152CENG53573','Student');

INSERT INTO course_participant VALUES('MF1', '20152CENG53571','Student');

INSERT INTO course_participant VALUES('MG1', '20172COMS41111','Student');

INSERT INTO course_participant VALUES('MG2', '20171ELEN41452','Student');

INSERT INTO course_participant VALUES('MG3', '20152CENG53571','Student');

INSERT INTO course_participant VALUES('MH1', '20161COMS64651','Student');

INSERT INTO course_participant VALUES('MJ1', '20161COMS64651','Student');

INSERT INTO course_participant VALUES('MJ2', '20143COMS49562','Student');

INSERT INTO course_participant VALUES('MJ3', '20163ELEN91103','Student');

INSERT INTO course_participant VALUES('MJ4', '20172COMS41111','Student');

INSERT INTO course_participant VALUES('MK1', '20172COMS96642','Student');

INSERT INTO course_participant VALUES('MM1', '20172COMS96643','Student');

INSERT INTO course_participant VALUES('MM2', '20161COMS64651','Student');

INSERT INTO course_participant VALUES('MM3', '20143COMS41112','Student');

INSERT INTO course_participant VALUES('MN1', '20172CENG49982','Student');

INSERT INTO course_participant VALUES('MP1', '20171COMS41113','Student');

INSERT INTO course_participant VALUES('MP2', '20172COMS96642','Student');

INSERT INTO course_participant VALUES('MP3', '20171COMS41113','Student');

INSERT INTO course_participant VALUES('MR1', '20152COMS01012','Student');

INSERT INTO course_participant VALUES('MR2', '20163ELEN91102','Student');

INSERT INTO course_participant VALUES('MR3', '20161COMS64651','Student');

INSERT INTO course_participant VALUES('MS1', '20172COMS41111','Student');

INSERT INTO course_participant VALUES('MT1', '20143COMS41112','Student');

INSERT INTO course_participant VALUES('MV1', '20152CENG53572','Student');

INSERT INTO course_participant VALUES('MV2', '20172CENG86751','Student');

INSERT INTO course_participant VALUES('MV3', '20143COMS49563','Student');

INSERT INTO course_participant VALUES('MW1', '20161COMS64651','Student');

INSERT INTO course_participant VALUES('MW2', '20153ELEN27452','Student');

INSERT INTO course_participant VALUES('MY1', '20163ELEN91101','Student');

INSERT INTO course_participant VALUES('NC1', '20152COMS01013','Student');

INSERT INTO course_participant VALUES('NC2', '20172COMS38662','Student');

INSERT INTO course_participant VALUES('NF1', '20172CENG49982','Student');

INSERT INTO course_participant VALUES('NG1', '20161COMS64651','Student');

INSERT INTO course_participant VALUES('NM1', '20171ELEN41452','Student');

INSERT INTO course_participant VALUES('NS1', '20152COMS01011','Student');

INSERT INTO course_participant VALUES('NS2', '20152CENG53572','Student');

INSERT INTO course_participant VALUES('NW1', '20172COMS96642','Student');

INSERT INTO course_participant VALUES('PC1', '20172COMS96642','Student');

INSERT INTO course_participant VALUES('PD1', '20143COMS49563','Student');

INSERT INTO course_participant VALUES('PH1', '20171ELEN41452','Student');

INSERT INTO course_participant VALUES('PJ1', '20152COMS01013','Student');

INSERT INTO course_participant VALUES('PJ2', '20143COMS49561','Student');

INSERT INTO course_participant VALUES('PJ3', '20172CENG49982','Student');

INSERT INTO course_participant VALUES('PJ4', '20153ELEN27452','Student');

INSERT INTO course_participant VALUES('PK1', '20172COMS38662','Student');

INSERT INTO course_participant VALUES('PP1', '20172CENG49982','Student');

INSERT INTO course_participant VALUES('PR1', '20172COMS96642','Student');

INSERT INTO course_participant VALUES('PS1', '20143COMS49561','Student');

INSERT INTO course_participant VALUES('RA1', '20152COMS01013','Student');

INSERT INTO course_participant VALUES('RA2', '20172CENG86751','Student');

INSERT INTO course_participant VALUES('RA3', '20171ELEN41452','Student');

INSERT INTO course_participant VALUES('RA4', '20163ELEN91103','Student');

INSERT INTO course_participant VALUES('RB1', '20152COMS01012','Student');

INSERT INTO course_participant VALUES('RB2', '20172COMS41111','Student');

INSERT INTO course_participant VALUES('RC1', '20172COMS38662','Student');

INSERT INTO course_participant VALUES('RC2', '20171ELEN41452','Student');

INSERT INTO course_participant VALUES('RC3', '20152COMS01012','Student');

INSERT INTO course_participant VALUES('RC4', '20172CENG49982','Student');

INSERT INTO course_participant VALUES('RC5', '20143COMS49563','Student');

INSERT INTO course_participant VALUES('RD1', '20152COMS01011','Student');

INSERT INTO course_participant VALUES('RD2', '20143COMS49563','Student');

INSERT INTO course_participant VALUES('RF1', '20153ELEN27452','Student');

INSERT INTO course_participant VALUES('RJ1', '20172COMS38662','Student');

INSERT INTO course_participant VALUES('RJ2', '20172COMS96642','Student');

INSERT INTO course_participant VALUES('RJ3', '20152CENG53572','Student');

INSERT INTO course_participant VALUES('RJ4', '20172COMS96642','Student');

INSERT INTO course_participant VALUES('RJ5', '20152CENG53571','Student');

INSERT INTO course_participant VALUES('RJ6', '20163ELEN91103','Student');

INSERT INTO course_participant VALUES('RJ7', '20152CENG53573','Student');

INSERT INTO course_participant VALUES('RJ8', '20143COMS41112','Student');

INSERT INTO course_participant VALUES('RJ9', '20143COMS49561','Student');

INSERT INTO course_participant VALUES('RK1', '20163ELEN91101','Student');

INSERT INTO course_participant VALUES('RM1', '20143COMS49562','Student');

INSERT INTO course_participant VALUES('RN1', '20152CENG53571','Student');

INSERT INTO course_participant VALUES('RP1', '20171COMS41113','Student');

INSERT INTO course_participant VALUES('RR1', '20172COMS96642','Student');

INSERT INTO course_participant VALUES('RS1', '20153ELEN27452','Student');

INSERT INTO course_participant VALUES('RS2', '20172COMS96642','Student');

INSERT INTO course_participant VALUES('RV1', '20172CENG86751','Student');

INSERT INTO course_participant VALUES('RV2', '20172COMS96643','Student');

INSERT INTO course_participant VALUES('SA1', '20152CENG53571','Student');

INSERT INTO course_participant VALUES('SA2', '20143COMS41112','Student');

INSERT INTO course_participant VALUES('SA3', '20172COMS38662','Student');

INSERT INTO course_participant VALUES('SA4', '20172COMS41111','Student');

INSERT INTO course_participant VALUES('SB1', '20172COMS96641','Student');

INSERT INTO course_participant VALUES('SB2', '20172COMS96642','Student');

INSERT INTO course_participant VALUES('SC1', '20152CENG53573','Student');

INSERT INTO course_participant VALUES('SC2', '20172CENG86751','Student');

INSERT INTO course_participant VALUES('SC3', '20163ELEN91103','Student');

INSERT INTO course_participant VALUES('SD1', '20172COMS96642','Student');

INSERT INTO course_participant VALUES('SD2', '20172COMS96643','Student');

INSERT INTO course_participant VALUES('SD3', '20152CENG53573','Student');

INSERT INTO course_participant VALUES('SE1', '20163ELEN91101','Student');

INSERT INTO course_participant VALUES('SE2', '20172CENG49982','Student');

INSERT INTO course_participant VALUES('SF1', '20152CENG53571','Student');

INSERT INTO course_participant VALUES('SG1', '20143COMS49561','Student');

INSERT INTO course_participant VALUES('SG2', '20172CENG49982','Student');

INSERT INTO course_participant VALUES('SH1', '20152COMS01013','Student');

INSERT INTO course_participant VALUES('SJ1', '20163ELEN91103','Student');

INSERT INTO course_participant VALUES('SJ2', '20163ELEN91103','Student');

INSERT INTO course_participant VALUES('SK1', '20143COMS49561','Student');

INSERT INTO course_participant VALUES('SL1', '20152COMS01011','Student');

INSERT INTO course_participant VALUES('SL2', '20172CENG49982','Student');

INSERT INTO course_participant VALUES('SM1', '20172CENG86751','Student');

INSERT INTO course_participant VALUES('SM2', '20171COMS41113','Student');

INSERT INTO course_participant VALUES('SS1', '20153ELEN27452','Student');

INSERT INTO course_participant VALUES('SS2', '20161COMS64651','Student');

INSERT INTO course_participant VALUES('SS3', '20172COMS96642','Student');

INSERT INTO course_participant VALUES('SS4', '20152CENG53572','Student');

INSERT INTO course_participant VALUES('SS5', '20163ELEN91102','Student');

INSERT INTO course_participant VALUES('ST1', '20143COMS49561','Student');

INSERT INTO course_participant VALUES('SV1', '20172COMS38662','Student');

INSERT INTO course_participant VALUES('SV2', '20172CENG86751','Student');

INSERT INTO course_participant VALUES('SW1', '20163ELEN91102','Student');

INSERT INTO course_participant VALUES('TA1', '20172COMS96641','Student');

INSERT INTO course_participant VALUES('TB1', '20172COMS41111','Student');

INSERT INTO course_participant VALUES('TC1', '20172COMS96642','Student');

INSERT INTO course_participant VALUES('TD1', '20163ELEN91102','Student');

INSERT INTO course_participant VALUES('TG1', '20163ELEN91101','Student');

INSERT INTO course_participant VALUES('TG2', '20172CENG49982','Student');

INSERT INTO course_participant VALUES('TG3', '20172CENG86751','Student');

INSERT INTO course_participant VALUES('TG4', '20152COMS01013','Student');

INSERT INTO course_participant VALUES('TG5', '20152CENG53571','Student');

INSERT INTO course_participant VALUES('TG6', '20163ELEN91102','Student');

INSERT INTO course_participant VALUES('TJ1', '20172CENG86751','Student');

INSERT INTO course_participant VALUES('TJ2', '20172COMS41111','Student');

INSERT INTO course_participant VALUES('TL1', '20153ELEN27452','Student');

INSERT INTO course_participant VALUES('TL2', '20172COMS96641','Student');

INSERT INTO course_participant VALUES('TM1', '20163ELEN91101','Student');

INSERT INTO course_participant VALUES('TP1', '20172COMS96642','Student');

INSERT INTO course_participant VALUES('TS1', '20172CENG49982','Student');

INSERT INTO course_participant VALUES('VA1', '20153ELEN27452','Student');

INSERT INTO course_participant VALUES('VA2', '20153ELEN27452','Student');

INSERT INTO course_participant VALUES('VB1', '20152CENG53572','Student');

INSERT INTO course_participant VALUES('VB2', '20171COMS41113','Student');

INSERT INTO course_participant VALUES('VK1', '20152CENG53573','Student');

INSERT INTO course_participant VALUES('VK2', '20143COMS49562','Student');

INSERT INTO course_participant VALUES('VL1', '20172COMS96642','Student');

INSERT INTO course_participant VALUES('VL2', '20172CENG49982','Student');

INSERT INTO course_participant VALUES('VN1', '20171ELEN41452','Student');

INSERT INTO course_participant VALUES('VP1', '20152COMS01012','Student');

INSERT INTO course_participant VALUES('VR1', '20171ELEN41452','Student');

INSERT INTO course_participant VALUES('VS1', '20152COMS01011','Student');

INSERT INTO course_participant VALUES('VS2', '20161COMS64651','Student');

INSERT INTO course_participant VALUES('WA1', '20152COMS01013','Student');

INSERT INTO course_participant VALUES('WB1', '20172COMS96642','Student');

INSERT INTO course_participant VALUES('WB2', '20143COMS49562','Student');

INSERT INTO course_participant VALUES('WB3', '20152COMS01013','Student');

INSERT INTO course_participant VALUES('WC1', '20152COMS01012','Student');

INSERT INTO course_participant VALUES('WC2', '20171COMS41113','Student');

INSERT INTO course_participant VALUES('WD1', '20143COMS49562','Student');

INSERT INTO course_participant VALUES('WG1', '20172COMS96643','Student');

INSERT INTO course_participant VALUES('WJ1', '20152CENG53573','Student');

INSERT INTO course_participant VALUES('WJ2', '20152CENG53571','Student');

INSERT INTO course_participant VALUES('WJ3', '20163ELEN91101','Student');

INSERT INTO course_participant VALUES('WJ4', '20172COMS96642','Student');

INSERT INTO course_participant VALUES('WJ5', '20153ELEN27452','Student');

INSERT INTO course_participant VALUES('WL1', '20163ELEN91102','Student');

INSERT INTO course_participant VALUES('WM1', '20172CENG49982','Student');

INSERT INTO course_participant VALUES('WM2', '20152CENG53573','Student');

INSERT INTO course_participant VALUES('WM3', '20143COMS41112','Student');

INSERT INTO course_participant VALUES('WP1', '20143COMS41112','Student');

INSERT INTO course_participant VALUES('WV1', '20143COMS49562','Student');

INSERT INTO course_participant VALUES('YF1', '20163ELEN91103','Student');

INSERT INTO course_participant VALUES('YK1', '20152CENG53573','Student');

INSERT INTO course_participant VALUES('YP1', '20172COMS96643','Student');

INSERT INTO course_participant VALUES('YS1', '20163ELEN91103','Student');